SrNo,College_Code,Institue_Name,Address,Email,District,Principal_Name,Office_No,Personal_No,TPO_Name,Autonomy_Status,Year_of_Establishment
1,1002,"Government College of Engineering, Amravati","VMV Road, Near Kathora Naka, Amravati",principal@gcoea.ac.in,Amravati,Dr. R. S. Dalu,2531929,2531930,P. P. Bhatkar,Autonomous,1964
2,1012,"Government Engineering College, Yavatmal","Post Box N. 24, Dhamangaon Road, Yavatmal",office.gpyavatmal@dtemaharashtra.gov.in,Yavatmal,Mr. N.N.Shende,7232243,7232238,Mahejabin M. Mujawar,Non-Autonomous,2018
3,1101,"Shri Sant Gajanan Maharaj College of Engineering,Shegaon","S.S.G.M.C.E Campus, Khamgaon Road, Shegaon Dist. Buldhana",principal@ssgmce.ac.in,Buldhana,Dr. S. B. Somani,8669638081,252216,PROF. A.V. PATIL,Non-Autonomous,1983
4,1105,"Prof. Ram Meghe Institute of Technology & Research, Amravati","Anjangaon Bari Road, Badnera, Amravati",principal@mitra.ac.in,Amravati,Dr. A. P. Bodkhe,2681246,2681246,Mr. R. V. Adwanikar,Non-Autonomous,1983
5,1114,"Sipna Shikshan Prasarak Mandal College of Engineering & Technology, Amravati","Sipna campus, Infront of Nemani Godown, Badnera Rd., Amravati",sipnaoffice@gmail.com,Amravati,Dr. Sanjay M. Kherde,2522342,2522343,Shyamsundar Bhojraj Gupta,Non-Autonomous,1999
6,1116,"Shri Shivaji Education Society's College of Engineering and Technology, Akola","Babhulgaon(Jn), Murtizapur Road, National Highway No. 6, Akola",principalcoeta@gmail.com,Akola,Prof. Dr. S.K.Deshmukh,2259069,2456688,Mr. N. B. Gawande,Non-Autonomous,1983
7,1119,"Paramhansa Ramkrishna Maunibaba Shikshan Santha's , Anuradha Engineering College, Chikhali","Anuradhha Nagar, Sakegaon Road, Chikhali Dist. Buldhana",annprincipal55@gmail.com,Buldhana,Dr. Arun N. Nanhai,242063,242580,Prof. Vijay D.Gurudasani,Non-Autonomous,1993
8,1120,"Jawaharlal Darda Institute of Engineering and Technology, Yavatmal","MIDC, Lohara, Amaravati Road, Yavatmal",jdiet_yml@bsnl.in,Yavatmal,Dr. Ramchandra Suresh Tatwawadi,7447797962,7447797963,Avinash Navghare,Non-Autonomous,1996
9,1121,"Shri Hanuman Vyayam Prasarak Mandals College of Engineering & Technology, Amravati","Hanuman Vyayam Nagar, H.V.P.M. Campus, Amravati",principal@hvpmcoet.in,Amravati,Dr. A.B.Marathe,2563422,2563422,Mr. S.V.Dhole,Non-Autonomous,2002
10,1122,"Dr. Bhausaheb Nadurkar College of Engineering, Waghapur,Yavatmal","Shri Saty Sai Krida Nagari, Waghapur Road, Yavatmal",dbncoetytl@gmail.com,Yavatmal,Prof.Abhijeet Vitthal Shinde,246162,246166,Prof. Ravi V. Nadimpalli,Non-Autonomous,2007
11,1124,"G.H. Raisoni college of Engineering & Management, Amravati","Anjangaon, Bari Road, Amravati",vijay.rathod@raisoni.net,Amravati,Dr. Vijay R. Rathod,2385432,2385429,Dr. Anand Deshpande,Non-Autonomous,2008
12,1125,"Dwarka Bahu Uddeshiya Gramin Vikas Foundation, Rajarshri Shahu College of Engineering, Buldhana","Rajarshi Shahu Nagar, Near Palna Ghar, Sagwan Road, Buldhana",rsc_engg@rediffmail.com,Buldhana,Dr. Jayant P. Kaware,287167,242080,Adv. Ms. Kirti Sawale,Non-Autonomous,2008
13,1127,"Jagadambha Bahuuddeshiya Gramin Vikas Sanstha's Jagdambha College of Engineering and Technology, Yavatmal","Sr. No.167/1,167/2 &163/,Arni Road, Mauza-Kinhi,Tal & Dist-Yavatmal",principal@jcoet.org,Yavatmal,Dr. H.M. Baradkar,244226,244226,Hemant M Baradkar,Non-Autonomous,2009
14,1128,"Prof Ram Meghe College of Engineering and Management, Badnera","New Express Highway, Badnera Dist. Amravati",principal@prmceam.ac.in,Amravati,Dr. M. S. Ali,2580373,2578385,Mr. Sagar J Chandak,Non-Autonomous,2009
15,1129,"Dhamangaon Education Society's College of Engineering and Technology, Dhamangaon","Knowledge Hub, Anjansingi Road, Dhamangaon RlY. Station, Amravati",desdcoet@rediffmail.com,Amravati,Dr. L. P. Dhamande,237335,237335,Prof. Rajkumar Yadav,Non-Autonomous,2009
16,1148,"P. R. Pote Patil Institute of Engineering & Research, At Kathora, Amravati","Kathora Road, Pote Estate, Mu. Kathora Ta. Dist Amravati",prpatilengineering@gmail.com,Amravati,Prof. Parag R. Wadnerkar,2970408,2970111,Kishor Deshmukh,Non-Autonomous,2018
17,1180,"Sanmati Engineering College, Sawargaon Barde, Washim","Survey no. 40, Washim-Malegaon Road, At. Post Sawargaon Barde Dist. Washim",engineering@sanmati.in,Washim,Dr.Priyadarshi Jaruhar,234302,233090,Vikas Joshi,Non-Autonomous,2010
18,1182,"Padmashri Dr. V.B. Kolte College of Engineering, Malkapur, Buldhana","Malkapur, Dist. Buldhana",coemalkapur@rediffmail.com,Buldhana,Dr. A W KHARCHE,226700,224943,Mr. Ramakant Rane,Non-Autonomous,2010
19,1268,"Siddhivinayak Technical Campus, School of Engineering & Research Technology, Shirasgon, Nile","Gat No.133,134 & 140, Shegaon Khamgaon Road, Shirasgaon, Nile, Tal. Shegaon",admn.stc@gmail.com,Buldhana,Dr. Anant G. Kulkarni,220222,220333,Prof. Umesh Kute,Non-Autonomous,2011
20,1276,"Manav School of Engineering & Technology, Gut No. 1035 Nagpur Surat Highway, NH No. 6 Tal.Vyala, Balapur, Akola, 444302","Gut No.1035, Surat Nagpur Highway Vyala, Tal.Balapur, Akola",principal@manavengineering.ac.in,Akola,Pralhad Polgawande,238406,238406,Santosh Kale,Non-Autonomous,2013
21,1278,"Let.Dr.D.B.Dod College of Engineering, Jambla,Achalpur","Sr.No.32/4 , Mauja Jambla, Anjangaon Road, Paratwada Tal. Achalpur Dist. Amravati",drdbdod@rediffmail.com,Amravati,Chandrashekhar D Dod,225503,9970931278,Jayashree R. Talokar,Non-Autonomous,2014
22,2008,"Government College of Engineering, Aurangabad","Station Road, Osmanpura, Aurangabad",principalgeca@yahoo.com,Aurangabad,Dr. P. B. MURNAL,2366111,2366111,Rasal Shivaji Bhagwan,Autonomous,1960
23,2020,"Shri Guru Gobind Singhji Institute of Engineering and Technology, Nanded","Vishnupuri, Nanded",director@sggs.ac.in,Nanded,Dr. Yashwant V. Joshi,229234,229234,Mr. S. M. Nilangekar,Autonomous,1981
24,2113,"G. S. Mandal's Maharashtra Institute of Technology, Aurangabad","N.H. No. 211,Beed bypass Road, Satara, Aurangabad",spbhosle2001@gmail.com,Aurangabad,Dr. S. P. Bhosle,2375222,2375222,Prof.Makarand Suresh Vaishnav,Non-Autonomous,2001
25,2125,"S.V.S.P. Mandal's Swami Vivekanand Institute of Technology and Mangement ,Udgir","Avalkonda Road, Udgir, Dist. Latur. 413517",svitm934@gmail.com,Latur,Dr. S.B. Jagtap,253970,253970,Datta Gharge,Non-Autonomous,2008
26,2126,"Gramodyogik Shikshan Mandal's Marathwada Institute of Technology, Aurangabad","P.B.-327, Satara Village Rd., off Beed By-Pass Highway ,Aurangabad",principal.mite@mit.asia,Aurangabad,Dr. N.G. PATIL,2375375,2375111,SHRI. SURENDRA R. PATIL,Non-Autonomous,1984
27,2127,"Mahatma Gandhi Missions College of Engineering, Hingoli Rd, Nanded.","Near Airport,Hingoli Road, Nanded",mgmcen@mgmcen.ac.in,Nanded,Dr. (Mrs.) Geeta S. Lathkar,222999,224087,Mrs. Amruta A. Sarsar,Non-Autonomous,1984
28,2129,"M.S. Bidve Engineering College, Latur","P.O. Box No. 112, Barshi Road, Latur",principal@msbecl.ac.in,Latur,Prof. N.B. Khatod,221255,221846,MRS. BAWAGE V.V.,Non-Autonomous,1983
29,2131,"Shree Tuljabhavani College of Engineering, Tuljapur","Naldurg Road, Tuljapur, Dist. Osmanabad",stbcet@gmail.com,Osmanabad,Dr. Shekhar M Jagade,243603,243603,Ms. S.T. Koli,Non-Autonomous,1983
30,2132,"M.G.M.'s Jawaharlal Nehru Engineering College, Aurangabad","Mahatma Gandhi Mission's Jawaharlal Nehru Engg. College Campus, N-6, CIDCO",jnec@jnec.ac.in,Aurangabad,"Dr.Harirang H. Shinde, M.E (Civil-Soil), Ph.D.)",2482893,2481434,Mrs. Aishwarya D. Joshi,Non-Autonomous,1983
31,2133,"Mahatma Basaweshwar Education Society's College of Engineering, Ambejogai","Ambejogai, Beed",khadakbhavibi@gmail.com,Beed,Dr. B. I. Khadakbhavi,247262,2488882,NOT FILLED,Non-Autonomous,1993
32,2134,"Peoples Education Society's College of Engineering, Aurangabad","Nagasen Vana, Near Panchakki, University Rd., Aurangabad",principal@pescoe.ac.in,Aurangabad,Prin. Dr. A. P. WADEKAR,2403017,2403001,Shri. V. F. Gajbhiye,Non-Autonomous,1994
33,2137,"Nagnathappa Halge Engineering College, Parli, Beed","At Brahmwadi , Post Tokwadi, Parli-Beed State Highway, Parli Vaijnath Dist. Beed",nhce1@hotmail.com,Beed,Dr. M. Bhaskara Rao,224334,224334,Prof. Mulgir S.N.,Non-Autonomous,2001
34,2138,"Matsyodari Shikshan Sansatha's College of Engineering and Technology, Jalna","Jalna-Aurangabad Road, Nagewadi, Jalna",msscetjalna@gmail.com,Jalna,Dr. Biradar Shantisagar Kishanrao,202533,202533,Sham B. Bhojane,Non-Autonomous,2002
35,2141,"Shri Sai Samajik Vikas Santha's Shri Sai Colllege of Engineering, Paddari Village Tal. & Dist. Aurangabad","Gut No. 80, Paddari Village,Near Beed bypass,via Deolai,Near Sai Mandir, Tal. & Dist. Aurangabad",appoint01@gmail.com,Aurangabad,Prof : Kharat B.M.,6453732,6517388,Kharat B.M.,Non-Autonomous,2009
36,2145,"Geetai Charitable Trust's Khurana Sawant Institute of Engineering & Technology, Balsond, Hingoli.","Balsond, Tal.& Dist. Hingoli",ksiet_hingoli@yahoo.co.in,Hingoli,Prof. U. S. Sakhare,290281,290282,Ashruba Limbaji Korde,Non-Autonomous,2009
37,2146,"Adarsh Shikshan Prasarak Mandal's K. T. Patil College of Engineering and Technology, Osmanabad","Keshav Nagar, Jadahavwadi Road, Osmanabad.Tal. & Dist. Osmanabad",ktpcoeo@gmail.com,Osmanabad,Prof. PASARE BALAJI SHIVAJI,2293200,2293099,ANDHALKAR SANTOSH,Non-Autonomous,2009
38,2160,"G.S. Mandals Marathwada Institute of Technology (Arch.), Aurangabad","PB 327,Satara Road, Aurangabad",info@mit.asia,Aurangabad,Dr. N. G. Patil,2375111,2375111,Surendra R. Patil,Non-Autonomous,1984
39,2178,"Vinayakrao Patil Shikshan Prasarak Mandal, Institute Of Engineering & Technology Kannad","Kannad, Dist Aurangabad",1157principal@msbte.com,Aurangabad,WAVARE A V,220588,220588,MAGAR N.S.,Non-Autonomous,2009
40,2185,"Dharati Janseva Pratishthan, Diploma In Engineering & Technology Institute, Jalna","Rohanwadi, Revgaon Raod, Tq.Dist.Jalna",1093principal@msbte.com,Jalna,J.A Ingale,2482223,8888651267,SHINDE B. T.,Non-Autonomous,2008
41,2192,"Education Society, Kalawatibai College Of Engineering & Technology (Polytechnic), Naigaon, Nanded","Lalwandi Road, Tal. Naigaon (Kh), Nanded 431709",1155principal@msbte.com,Nanded,MAID M.D.,263399,263399,Mrs.Dachawar P.S.,Non-Autonomous,2009
42,2193,"Sahayog Sevabhai Sanstha, Indira Institute Of Technology(Polytechnic), Nanded.","Gat No. 18 & 22 Vishnupuri, Nanded 431606",indirapoly@gmail.com,Nanded,Prof. INGOLE T. B.,229155,229155,KIRKAN SHANKAR SANJAY,Non-Autonomous,2009
43,2224,"Gramodyogik Shikshan Mandal's Marathwada Institute of Technology, Aurangabad","P.B.-327, Satara Village Rd., off Beed By-Pass Highway Aurangabad , 431005",sunil.deshmukh@mit.asia,Aurangabad,S. G. Deshmukh,2375333,2375333,PRAKASH G. GADHE,Non-Autonomous,1983
44,2252,"Marathwada Shikshan Prasarak Mandal's Shri Shivaji Institute of Engineering and Management Studies, Parbhani","Vasmat Road,Parbhani",director.ssiems@yahoo.com,Parbhani,Prof. Anand Kacharu Pathrikar,234109,234109,Solanke Vikas Shankarrao,Non-Autonomous,2010
45,2292,"Anand Charitable Trusts, Diploma in Engineering & Technology, Murshadapur, Ashti, Dist. Beed","Murshadapur, Tq. Ashti, Dist. Beed. 414203",acspoly.ashti@gmail.com,Beed,Mr.Zagade Mahesh Devidas,282974,282974,Bodkhe Vijay Babanrao,Non-Autonomous,2010
46,2298,"Shri Sai Institute of Technology(Polytechnic),Aurangabad","P-75 Behind Garware Palyster,MIDC ,Chikalthana Aurangabad , 431210",ssitpoly@gmail.com,Aurangabad,Gawande K R,2470312,2470312,Gawande K R,Non-Autonomous,2011
47,2529,"V.J. Shinde College of Engineering, Osmanabad.","Gat No. 738, Waruda road, Osmanabad.",vjscoe2529@gmail.com,Osmanabad,Prof. Lagdive K. M.,203205,203205,Prof. Shinde Abhijeet V.,Non-Autonomous,2012
48,2533,"CSMSS Chh. Shahu College of Engineering, Aurangabad","Kanchanwadi, Paithan Road, Aurangabad.",shahuengg@gmail.com,Aurangabad,Dr. Ulhas B. Shinde,6646371,6646370,Pravinkumar G Jadhao,Non-Autonomous,2013
49,2573,"Gramin College of Engineering, Vishnupuri, Nanded","Vishnupuri, Nanded, Nanded waghala, Nanded",graminenggnanded@gmail.com,Nanded,Dr. Vijay Pawar,229112,229900,Mrs. Gajbhare jaya,Non-Autonomous,2017
50,3012,"Veermata Jijabai Technological Institute(VJTI), Matunga, Mumbai","H.R. Mahajani Marg, Matunga, Mumbai",director@vjti.org.in,Mumbai,Dr. Dhiren R. Patel,24198101,24198101,Dr. V. N. Palaskar,Autonomous,1887
51,3023,"St. Xavier's Technical Institute, Mumbai","Mahim Causeway Road, Mahim, Mumbai , 400016",office@xaviertech.com,Mumbai,Dr. Shivaji B. Ghungrad,24455937,24451961,RAVIRAJ GHADGE,Autonomous,1937
52,3028,"Father Agnel Technical College (Polytechnic), Bandra(W), Mumbai","Fr. Agnel Ashram Mumbai , 400050",fragnel_bandra@yahoo.com,Mumbai,M. S. MOHAN,67114054,67114051,DEEPAK MASANE,Autonomous,1969
53,3135,"Manjara Charitable Trust's Rajiv Gandhi Institute of Technology, Mumbai","Off. Juhu Versova Link Road, Versova, Andheri(W) Mumbai",mctrgit02@gmail.com,Mumbai,Dr. Sanjay U. Bokade,26707026,26707025,Shri. Subhash Khachane,Non-Autonomous,1992
54,3139,"Vidyalankar Institute of Technology,Wadala, Mumbai","Vidyalankar Educational Campus,Vidyalankar College Marg, Wadala(E), Mumbai",principal@vit.edu.in,Mumbai,Sunil Patekar,24161126,24161126,Mukund Deshmukh,Non-Autonomous,1999
55,3154,"Saraswati Education Society's Saraswati College of Engineering,Kharghar Navi Mumbai","Plot No 46/46 A, Sector 5 Near MSEB Sub Station Kharghar Navi Mumbai Dist. Raigad",registrarsaraswati@gmail.com,Raigad,DR.Manjusah Deshmukh,27743705,27743706,Mr.Amar Shinde,Non-Autonomous,2004
56,3173,"Deccan Education Society's Navinchandra Mehta Institute of Technology & Development, Dadar, Mumbai","DES's Mumbai Campus, Kirti College Road, Dadar (W), Mumbai. 400028",director@nmitd.edu.in,Mumbai,Dr. Samadhan Khamkar,62764583,62764583,PRASAD KULAKRNI,Non-Autonomous,2008
57,3175,"M.G.M.'s College of Engineering and Technology, Kamothe, Navi Mumbai","At Junction of NH4 & Sion-Panvel Expressway, Kamothe, Navi Mumbai",principal.cet@mgmmumbai.ac.in,Raigad,Dr. Santosh K. Narayankhedkar,27433421,65138119,Dr. Sunita Shinde,Non-Autonomous,1986
58,3182,"Thadomal Shahani Engineering College, Bandra, Mumbai","37th Road, Off Linking Road, (Near National), Bandra (West), Mumbai",gtthampi@yahoo.com,Mumbai,Prof. (Dr.) G.T.Thampi,26041631,26047087,Manohar Chandwani,Non-Autonomous,1983
59,3184,"Fr. Conceicao Rodrigues College of Engineering, Bandra,Mumbai","Father Agnel Ashram , Band-stand, Bandra (West), Mumbai",crce@fragnel.edu.in,Mumbai,Dr. Srija Unnikrishnan,67114000,67114101,Chandrashekhar Shetty,Non-Autonomous,1984
60,3185,"Vivekanand Education Society's Institute of Technology, Chembur, Mumbai","Hashu Advani Memorial Complex, Behind Collector Colony, R.C. Marg, Chembur, Mumbai",vesit@vsnl.com,Mumbai,Dr. (Mrs.) J. M. Nair,61532532,61532511,Mrs. Asma Parveen I.Siddavatam,Non-Autonomous,1984
61,3189,"Bharati Vidyapeeth College of Engineering, Navi Mumbai","Sector - 7,CBD- Belpur, Navi Mumbai 400614",principal.bvcoenm@bharatividyapeeth.edu,Thane,Dr.Sandhya D. Jadhav,27572140,27571074,Mr. Santosh Shahaji Pawar,Non-Autonomous,1990
62,3190,"Terna Engineering College, Nerul, Navi Mumbai","Plot No. 12, Sector-22,Opp. Nerul Railway Station,Phase-II, Nerul (W),Navi Mumbai",principal@terna.org,Thane,Dr. LAKSHMAPPA RAGHA,61115444,61115401,Kavita S.Kadam,Non-Autonomous,1991
63,3191,"Mandar Education Society's Rajaram Shinde College of Engineering, Pedhambe","At Pedhambe, Po. Alore, Tal : Chiplun, Dist. Ratnagiri",rscoedegree@gmail.com,Ratnagiri,DR. ANEESH GANGAL,230005,230005,D K Gaikwad,Non-Autonomous,1993
64,3192,"Smt. Indira Gandhi College of Engineering, Navi Mumbai","Plot No.1, Sector No. 08, Ghansoli , Navi Mumbai 400 701",contactus@sigce.edu.in,Thane,Dr. Sunil S. Chavan,27543608,8080949300,Chandrakant Jadhav,Non-Autonomous,1993
65,3193,"Shivajirao S. Jondhale College of Engineering, Dombivali,Mumbai","Sheel Kalyan Highway, Behind Venkatesh Petrolpump, Sonarpada, Manpada Post, Dombivali (E) Thane",officessjcoe@gmail.com,Thane,Dr. Bakal Jagdish Wasudeorao,2872560,2023973,Mr. Shejul F. C.,Non-Autonomous,1994
66,3194,"Vidyavardhini's College of Engineering and Technology, Vasai","Vasai Road (W Rly), Tal: Vasai, District Palghar",vcet_inbox@vcet.edu.in,Palghar,DR HARISH V. VANKUDRE,2338234,2338234,Mr. Vishal K. Save,Non-Autonomous,1994
67,3197,"Agnel Charities' FR. C. Rodrigues Institute of Technology, Vashi, Navi Mumbai","Sector 9-A, Vashi, Navi Mumbai,",principalfcrit@gmail.com,Thane,Dr. S.M.KHOT,227771000,27771000,Neena Biju Nair,Non-Autonomous,1994
68,3199,"Shri Vile Parle Kelvani Mandal's Dwarkadas J. Sanghvi College of Engineering, Vile Parle,Mumbai","Plot No. U-15, J.V.P.D. Scheme, Bhaktivedanta Swami Marg, Vile Parle (West), Mumbai",info@djsce.ac.in,Mumbai,Dr. Hari Vasudevan,26123892,26123892,Mrs. Shreeya Hadkar,Non-Autonomous,1994
69,3202,Rajendra Mane College of Engineering & Technology Ambav Deorukh,"At - Ambav (Devrukh).Tal Sangameshwar,Dist.- Ratnagiri",info@rmcet.com,Ratnagiri,Dr. M. M. Bhagwat,269400,269609,Padmanabh Shelar,Non-Autonomous,1998
70,3203,"Atharva College of Engineering,Malad(West),Mumbai","S. No. 263, Plot No. 8-12, Malad-Marve Rd, Charkop Naka, Malad(W), Mumbai",ace@atharvaeducation.com,Mumbai,Dr. SHRIKANT KALLURKAR,40294949,40294907,ANANDA KANGANE,Non-Autonomous,1999
71,3207,"Mahatma Education Society's Pillai College of Engineering, New Panvel","Dr. K.M.Vasudevan Pillais' Campus Plot No. 10, Sector 16, New Panvel, Dist.Raigad",principalpce@mes.ac.in,Raigad,Dr. Sandeep M. Joshi,27456100,27451700,P. Kumaran,Non-Autonomous,2000
72,3208,"Don Bosco Institute of Technology, Mumbai","Premier Automobiles Road,Opp. Fiat Company, Kurla (West), Mumbai",dbit@dbit.in,Mumbai,Dr. Prasanna Nambiar,25042018,25040508,Mr. Rajendra Tatkare,Non-Autonomous,2001
73,3209,"K J Somaiya Institute of Engineering and Information Technology, Sion, Mumbai","Somaiya Auryvihar Complex, Near Everard Nagar Eastern Express Highway, Sion (East), Mumbai",principal.tech@somaiya.edu,Mumbai,Dr. Suresh K. Ukarande,24080331,24061401,Ankush Gaikwad,Non-Autonomous,2001
74,3217,"Vighnaharata Trust's Shivajirao S. Jondhale College of Engineering & Technology, Shahapur, Asangaon, Dist Thane","At Asangaon, Tal Shahapur, Opp Railway station, Dist : Thane",vjtsscoe@rediffmail.com,Thane,Dr. GEETHA K. JAYARAJ,273999,273999,KISHOR JONDHALE,Non-Autonomous,2007
75,3219,"Koti Vidya Charitable Trust's Smt. Alamuri Ratnamala Institute of Engineering and Technology, Sapgaon, Tal. Shahapur","Sapgaon, Taluka Shahapur Dist. Thane",registrar@armiet.com,Thane,Dr. LAVENDRA S BOTHRA,40244310,40244310,Ankit Suresh Sanghavi,Non-Autonomous,2008
76,3220,"Saraswati Education Society, Yadavrao Tasgaonkar College of Engineering and Management, Nasarapur, Chandai, Karjat","Chandhai, Neral - Kadav Raod, Post Nasrapur, Taluka Karjat, Dist. Raigad",sesytcem@gmail.com,Raigad,Prof. Raju Sairise,321524,321524,vivek dadu sawant,Non-Autonomous,2008
77,3221,"Late Shri. Vishnu Waman Thakur Charitable Trust, Viva Institute of Technology, Shirgaon","Shirgaon, At. Post Virar, Tal. Vasai. Thane",principalvit@vivacollege.org,Palghar,Dr. Arun Kumar,7770002544,7770002544,Mr. Mahendra D. Kajare,Non-Autonomous,2009
78,3222,"Haji Jamaluddin Thim Trust's Theem College of Engineering, At. Villege Betegaon, Boisar","At Village Betegaon,Boisar Chillhar Road , Near Union Park, Boisar(E), Tal: Palghar,",info@theemcoe.org,Palghar,Dr. Aqueel Ahmed Shah,284909,284926,SHEETAL PATIL,Non-Autonomous,2009
79,3223,"Mahatma Education Society's Pillai HOC College of Engineering & Technology, Tal. Khalapur. Dist. Raigad",Pillai HOCL Educational,pragneshshah@mes.ac.in,Raigad,Dr. Madhumita Chatterjee,669000,669001,Mr.Shirish Mayekar,Non-Autonomous,2009
80,3224,"Leela Education Society, G.V. Acharya Institute of Engineering and Technology, Shelu, Karjat","Shelu/Damat Village, (Opp. Shelu Rly Station), Tal. Karjat. Dist. Raigad",principalgvaiet@yahoo.com,Raigad,Dr. Rajendra Prasad,229628,229628,Swapnil Bafana,Non-Autonomous,2009
81,3270,"Maratha Mandir's Babasaheb Gawade Institute of Technology, Mumbai","Maratha Mandir annex,Babasaheb Gawade Chowk, Mumbai , 400008",ajit.parab@mmbgims.com,Mumbai,Mr.Ajit Bhikaji Parab,66044100,66044100,Yogesh Sawant,Non-Autonomous,1997
82,3281,"Saraswati Education Society,Saraswati Institute of Technology, Kharghar, Navi Mumbai","Plot No.-46/46A, Behind M.S.E.B.Sub Station, Near Utsav Chowk, Sector-5, Kharghar Navi Mumbai Raigad , 410210",ses.siot.os.09@gmail.com,Raigad,Mr.D.R. Suroshe,27743705,27743706,Mr. Amar A. Shinde,Non-Autonomous,2008
83,3353,"Dilkap Research Institute Of Engineering and Management Studies, At.Mamdapur, Post- Neral, Tal- Karjat, Mumbai","Village At.Mamdapur, Post- Neral, Tal- Karjat, Dist.Raigadh",sumaneducationaltrust@gmail.com,Raigad,DR K NARAYAN CHOUDHARY,651806,651806,Mr. Jalindar Shinde,Non-Autonomous,2010
84,3423,"Shree L.R. Tiwari College of Engineering, Mira Road, Mumbai","Survey no. 267, Near Commisioner's Bungalow,Kanakiya Park,Mira Road (E)Thane",slrtce@rahuleducation.com,Thane,Dr.S. Ram Reddy,28120144,28120145,hubale santosh,Non-Autonomous,2010
85,3439,"Anjuman-I-Islam's Kalsekar Technical Campus, Panvel","Plot No.2, 3 Sector - 16, Khandgaon, Thane Naka, Panvel Dist. Raigad",aiktc.newpanvel@gmail.com,Raigad,Dr. ABDUL RAZZAK HONNUTAGI,27481247,27481249,Dr. Jamil Daud,Non-Autonomous,2011
86,3447,"G.M.Vedak Institute of Technology, Tala, Raigad.","At Post Taluka. Tala, Dist. Raigad",gmvedakit@gmail.com,Raigad,Dr.Dilip N. Jaiswal,269004,269004,Prof. Satish Jadhav,Non-Autonomous,2011
87,3460,"Universal College of Engineering,Kaman Dist. Palghar","Kaman Bhiwandi Road, S.N. 146(Part), Kaman, Vasai",moses.lopes@universal.edu.in,Palghar,Dr. Jitendra B Patil,69624580,2210044,Mr. Moses Lopes,Non-Autonomous,2012
88,3462,"VPM's Maharshi Parshuram College of Engineering, Velneshwar, Ratnagiri.","At Post Velneshwar, Hedvai-Guhagar Road, Guhagar,Ratnagiri.",info@vpmmpcoe.org,Ratnagiri,Dr. Amitkumar T. Mane,243101,9527634958,Mr. Ravindra Rasal,Non-Autonomous,2012
89,3465,"Ideal Institute of Technology, Wada, Dist.Thane","40, Pasheri Village, Pimplaj road, Taluka Wada, Dist.Thane.",idealinstituteoftechnology13@gmail.com,Palghar,Dr. Bhuwan Chandra,212144,212144,Mr. Jugal Mehra,Non-Autonomous,2013
90,3467,"Vishwaniketan's Institute of Management Entrepreneurship and Engineering Technology(i MEET), Khalapur Dist Raigad","Survey No. 52 Kumbhivali, On Mumbai-Pune Expressway, Near Khalapur Toll Naka ,Tal-Khalapur, Dist- Raigad",mail.vishwaniketan@gmail.com,Raigad,Dr. B. R. Patil,274206,274210,Mr. H. R. Mavkar,Non-Autonomous,2013
91,3471,"New Horizon Institute of Technology & Management, Thane","Anand Nagar, Kavesar, Off. Ghodbunder Road, Thane(W)",principal@nhitm.ac.in,Thane,Dr. Prashant D.Deshmukh,25971778,25971778,Mr. Rupesh Pethe,Non-Autonomous,2014
92,4004,"Government College of Engineering, Chandrapur","Ballarsha Bypass Road,Chandrapur",gcoechandrapur@gmail.com,Chandrapur,Dr. G.G. Bhutada,230478,230299,Smt. S. R. Bhagwat,Non-Autonomous,1996
93,4005,"Laxminarayan Institute of Technology, Nagpur","L.I.T.Premises, Opposite Bharatnagar, Amravati Road, Nagpur",rajumankar@gmail.com,Nagpur,Dr Raju B Mankar,2561107,2531659,Dr. Vinayak Deshpande,Non-Autonomous,1942
94,4025,"Government College of Engineering, Nagpur","Sector-27, Mihan Rehabilitation Colony, Khapari, Nagpur",office.gcoenagpur@dtemaharashtra.gov.in,Nagpur,PROF.MADHAV KUMTHEKAR,202012,202011,MR.N. H. BHUJADE,Non-Autonomous,2016
95,4104,"Kavi Kulguru Institute of Technology & Science, Ramtek","K. K. Nagar, Ramtek, Nagpur - 441 106",principal@kits.edu,Nagpur,Dr. B. Ram Rathan Lal,255309,255047,Dr. B. Ram Rathan Lal,Non-Autonomous,1985
96,4115,"Shri Ramdeobaba College of Engineering and Management, Nagpur","Gittikhadan, Katola Road, Nagpur",deanadmissions@rknec.edu,Nagpur,Dr. R. S. Pande,2580011,2583239,Prof. Nikhil Shirish Damle,Autonomous,1984
97,4116,"Ankush Shikshan Sanstha's G.H.Raisoni College of Engineering, Nagpur","C.R.P.F. Gate No.3, Digdoh Hills, Hingna Road, Nagpur",principal.ghrce@raisoni.net,Nagpur,Dr. Sachin Untawale,9604787184,9881713575,Dr Sanjay Dorle,Autonomous,1996
98,4123,"Lokmanya Tilak Jankalyan Shikshan Sanstha, Priyadarshani College of Engineering, Nagpur","Near CRPF Campus, Hingna Road, Nagpur",mpsingh3712@rediffmail.com,Nagpur,Dr. M. P. Singh,244381,244285,Mr. Vijay Athalye,Non-Autonomous,1990
99,4133,"Sanmarg Shikshan Sanstha's Smt. Radhikatai Pandav College of Engineering, Nagpur","Near Dighori Naka, Umrer Road, Bhadura, Nagpur",admin@srpce.ac.in,Nagpur,Dr. Prashant Lanjewar,663603,663603,Mr. Satish Lanjewar,Non-Autonomous,1999
100,4134,"Guru Nanak Institute of Engineering & Technology,Kalmeshwar, Nagpur","Khasara No-94,95&164/1,Mauza Dahegaon,Opposite IOC Prtrol Pump,Kalmeshwar, Nagpur",gnietnagpur@gmail.com,Nagpur,Dr.Sanjeev Shrivastava,661400,661400,Mr. Shital V. Likhar,Non-Autonomous,2007
101,4135,"Amar Seva Mandal's Shree Govindrao Vanjari College of Engineering & Technology, Nagpur","Survey No. 148/149, Salai Godhani, Near Chikna Village, Hudakeshwar Road, Nagpur",gwcet@rediffmail.com,Nagpur,Dr. Salim A. Chavan,2742308,2742308,Mr. Pankaj Kohale,Non-Autonomous,2008
102,4137,"Sir Shantilal Badjate Charitable Trust's S. B. Jain Institute of technology, Management & Research, Nagpur","Behind Asarambapu Ashram Village, Yerala, Katol Road, Nagpur",ceo@sbjit.edu.in,Nagpur,Dr. S.L. Badjate,2667777,2667666,Mr. Nilesh Gaulkar,Non-Autonomous,2008
103,4138,"Jaidev Education Society, J D College of Engineering and Management, Nagpur","At Khandala, Post Vaini Katol Road, Nagpur",principal@jdcoem.ac.in,Nagpur,Dr. S. R. Chaudhari,2023003,2682619,Dr Ujwala S Dange,Non-Autonomous,2008
104,4139,"Samridhi Sarwajanik Charitable Trust, Jhulelal Institute of Technology, Nagpur","Kh. No.72, 68/1, 68/2, 68/3, Lonara Dist. Nagpur",admin@jit.org.in,Nagpur,Dr. Narendra Bawane,2668233,2668235,Mr. SUMEET CHANDEGAVE,Non-Autonomous,2008
105,4142,"Ankush Shikshan Sanstha's G. H. Raisoni Institute of Engineering & Technology, Nagpur","MIDC, Near Facor, Higna Wadi Road, Nagpur",ghrietn@raisoni.net,Nagpur,Dr. Prashant Pawade,234501,234501,Prof. M.J. Katira,Non-Autonomous,2008
106,4144,"Shri. Sai Shikshan Sanstha, Nagpur Institute of Technology, Nagpur","Sr. No.13/2, Mahurzari, Katol Road, Taluka & Dist Nagpur",registrar@nit.edu.in,Nagpur,Dr. Amol Deshmukh,9881711787,9881711787,Sandeep Kale,Non-Autonomous,2008
107,4145,"Wainganga College of Engineering and Management, Dongargaon, Nagpur","Dongargoan, Near Gumgaon Railway Station, Post - Gumgaon, Wardha road, Nagpur",wcem4145@gmail.com,Nagpur,Dr. Manish Bihade,203728,202007,Mr. R P Madankar,Non-Autonomous,2008
108,4146,"KDK College of Engineering, Umrer, Nagpur","State Highway No.9, Opp. W. C. L., Umrer Project, Umrer, Nagpur",dratulcwaghmare@rediffmail.com,Nagpur,Dr. A.C. Waghmare,247317,247823,Mr. Ajay Dhanvijay,Non-Autonomous,1999
109,4147,"K.D.K. College of Engineering, Nagpur","Great Nag Road, Nandanvan, Nagpur",kdkce4147@gmail.com,Nagpur,Dr. D. P. Singh,2710030,2711400,Anant B. Bute,Non-Autonomous,1984
110,4151,"Vidarbha Bahu-Uddeshiya Shikshan Sanstha's Tulshiramji Gaikwad Patil College of Engineering & Technology, Nagpur","Kh. No. 8/1, Mohgaon,Wardha Road,Nagpur",vidarbhabuss@yahoo.co.in,Nagpur,Dr. S.S. Rathore,645410,6648252,SANDEEP PALSODKAR,Non-Autonomous,2007
111,4165,"Gondia Education Society's Manoharbhai Patel Institute of Engineering and Technology, Gondia","Kudwa, Dist. Gondia",principal_miet@rediffmail.com,Gondia,Prof. D.K. Pandey,252033,252158,Mr. W.N.Sahare,Non-Autonomous,1983
112,4167,"Yeshwantrao Chavan College of Engineering,Wanadongri, Nagpur","Hingna Road, Wanadongri, Nagpur 441110",principal@ycce.edu,Nagpur,DR. U.P. WAGHE,242919,329250,DR. P. K. DAKHOLE,Autonomous,1984
113,4171,"Lokmanya Tilak Jankalyan Shikshan Sanstha's , Priyadarshini Institute of Engineering and Technology, Nagpur","Mouza Shivangaon , Khasara, 1/1A, 1909/12C, Near CRPF Campus, Hingna Road, Nagpur",viveknanoti@gmail.com,Nagpur,Dr. V.M. Nanoti,244463,244470,Mr. Abhaykumar Das,Non-Autonomous,1999
114,4172,"Anjuman College of Engineering & Technology, Nagpur","Mangalwari Bazar Road, Sadar, Nagpur",eng_acet@rediffmail.com,Nagpur,Dr. Syed Mohammad Ali,6604502,2583559,Aamir Siddiqui,Non-Autonomous,1999
115,4175,"JMSS Shri Shankarprasad Agnihotri College of Engineering, Wardha","Agnihotri College Campus, Bapujiwadi, Ramnagar, Wardha",agisspace2007@gmail.com,Wardha,Dr. Rajkishor M. Tugnayat,250007,232552,MR.GAJANAN DANDADE,Non-Autonomous,2007
116,4177,"Priyadarshini Bhagwati College of Engineering, Harpur Nagar, Umred Road,Nagpur","Harpur Nagar, Umrer Road, Nagpur",principalpbcoe@gmail.com,Nagpur,Dr. N. K. Choudhari,2710282,2710281,Mr. V. D. Barapatre,Non-Autonomous,2007
117,4179,"Lokmanya Tilak Jankalyan Shiksan Sanstha, Priyadarshini Indira Gandhi College of Engineering, Nagpur","Opp. Lata Mangeshkar Hospital, Hingana Road, Nagpur",pigce.principal@gmail.com,Nagpur,Dr. R. M. Dhoble,232545,232545,Mr. Sachin Khedikar,Non-Autonomous,2008
118,4180,"KDKs Shrimati Rajashri Mulak College of Engineering for Womens, Nagpur","KDK College Campus, Great Nag Road, Nandanvan, Nagpur",principal_srmcew@yahoo.com,Nagpur,Dr. Pushpa Devnani,2714750,2716411,Mr. H V Sondawale,Non-Autonomous,2008
119,4185,"Shree Bapuraoji Deshmukh Foundation, Suresh Deshmukh College of Engineering, Selukate, Wardha","Selukate, Survey No. 161, Mauje Selu Kate, Dist. Wardha",princi.sdces@gmail.com,Wardha,Dr S. V. DESHMUKH,282533,282333,Mr. K.D. Fartade,Non-Autonomous,2008
120,4187,"Dr. Babasaheb Ambedkar College of Engineering and Research, Wanadongri, Nagpur","Wanhadongri, Hingna Road, Nagpur",svssngp@gmail.com,Nagpur,Dr. V.H. Tatwawadi,242406,242406,Mrs.Lucky Chandekar,Non-Autonomous,2008
121,4189,"Sardar Patel Memorial Society's Namdevrao Poreddiwar College of Engineering and Technology, Gadchiroli","At Mouza Boldi, Dhanopra Road, Tal & Dist. Gadchiroli",principal.ncet@gmail.com,Gadchiroli,Prof. Balbirsingh Guram,237861,237862,Vinod Dhamange,Non-Autonomous,2009
122,4190,"M.D. Yergude Memorial Shikshan Prasarak Mandal's Shri Sai College of Engineering & Technology, Badravati","Near Village Lonara, Nagpur Road, Badravati Dist. Chandrapur",mdyergude@yahoo.com,Chandrapur,DR. J.F.AGRAWAL,230723,230723,MR.J.S. TRIPATI,Non-Autonomous,2009
123,4194,"Nav Disha Education Soc, Acharya Vinoba Bhave Institute of Technology ,Mauza-Pawnar,Wardha","At Post Pavanar, Dist. Wardha",avbit2008@rediffmail.com,Wardha,Prof.Amit S Manikrao,93733950,93733950,Pradip umate,Non-Autonomous,2009
124,4195,"Vidharbha Bahu uddeshiya Shikshan Sanstha's Abha Gaikwad – Patil College of Engineering, Nagpur","Khasara No.8/1, Mohgaon, Wardha Road, Tal. & Dist. Nagpur",vidarbhabuss@yahoo.co.in,Nagpur,Dr. Prashant Kadu,645412,6648252,Liladhar Bawane,Non-Autonomous,2009
125,4196,"Gurunanak Educational Society's Gurunanak Institute of Technology, Nagpur","Dahegaon, Kalmeshwar Road, Nagpur",gniemnagpur@gmail.com,Nagpur,Dr. Sudhir N. Shelke,661450,2234333,Shri. Rajendra Khobe,Non-Autonomous,2009
126,4197,"Jai Mahakali Shikshan Sanstha, Agnihotri College of Engineering, Sindhi(Meghe)","Nagthana Road, Near Bypass Highway Road, Sindhi (Meghe). Wardha",ajayshelke.000@rediffmail.com,Wardha,Prof. Abhishek Kumar,250152,240527,Gajanan A. Dandade,Non-Autonomous,2009
127,4252,"Late Madhukarrao Deshmukh Education Soceity's Avdhoot Diploma College Of Engineering, Mouza, Bhojapur","Mauza Bhojapur, P.H. No.115, Sur. No.6, Kuhi, Nagpur 400001",avdootpoly@rediffmal.com,Nagpur,Kiran N. Urkude,220021,220021,Nitin Madhukarrao Deshmukh,Non-Autonomous,2009
128,4254,"Krushna Sahayogi Tantra Shikshan Sanstha, Chatrapati Shivaji Institute Of Technology, Deori, Gondia","Shivaji Campus,At.Post.Th.Deori(Chichgadh Road) Gondia , 441901",kstsscsit@rediffmail.com,Gondia,MR.ASHISHSINGH KHATWAR,225631,225631,Chittaranjan girhepuje,Non-Autonomous,2009
129,4260,"Sikh Education Society's Gurunanak Technical Institute of Pharmacy, Nagpur","Mauza Nari, Near Dixit Nagar, Kh. No. 81/1, C.P. Foundry,Pili Nadi Nagpur , 440026",gnti1983@yahoo.com,Nagpur,Dr. Abhay Madhavrao Ittadwar,2633854,2242017,Harmindersingh Huda,Non-Autonomous,1983
130,4285,"V M Institute of Engineering and Technology, Dongargaon, Nagpur","Dhutte village , Near Dongargaon, Wardha Road, Nagpur",vmietnag@gmail.com,Nagpur,Dr. Ankush A. Mankar,6650243,645689,Liladhar Bawane,Non-Autonomous,2010
131,4302,"Gondia Education Society's Manoharbhai Patel Institute Of Engineering & Technology, Shahapur, Bhandara","N.H.6 Shahapur,Bhandara",principalmietb@rediffmail.com,Bhandara,Dr. Ashish Nashine,9975591177,7709967710,CHAKRADHAR KAHALKAR,Non-Autonomous,2010
132,4303,"Vidya Niketan Institute of Engineering and Technology, Nagpur","At. Post : Gondkheri. Tah.: Kalmeshwar, Dist.: Nagpur",principal@vniet.org,Nagpur,Prof. P. T. Petkar,277088,277088,Prof. S. D. Ninawe,Non-Autonomous,2010
133,4304,"Cummins College of Engineering For Women, Sukhali (Gupchup), Tal. Hingna Hingna Nagpur","Mouje Sukhali (Gupchup), Tal. Hingna Dist. Nagpur",office@cumminscollege.edu.in,Nagpur,Dr. Bharatbhushan Joshi,96576670,94230551,Mr. Pradeep Joshi,Non-Autonomous,2010
134,4305,"G.H.Raisoni Academy of Engineering & Technology, Nagpur","Shraddha Park, Off Hingna-Wadi Link Road, Nagpur",ghraetnag@raisoni.net,Nagpur,Dr. Vivek Kapur,237688,237688,Prashant Awachat,Non-Autonomous,2010
135,4319,"Indian Instiutute of Fire Engineering, Nagpur","Makardhokda Katol Road,Near VeerChakra Colony, Nagpur 440013",fireinstitute96@gmail.com,Nagpur,Shrimati Radha Chimurkar,2574129,2570733,milind chimurkar,Non-Autonomous,1996
136,4613,"Suryodaya College of Engineering & Technology, Nagpur","Survey No. 117/1 & 117/3 A, Vihirgaon, Nagpur",scetngp@gmail.com,Nagpur,Dr. Chandrakant S. Ragit,276282,276282,Mr. Manoj N. Guhe,Non-Autonomous,2010
137,4649,"Bajaj Institute of Technology, Wardha","Arvi Road, in Front of Ramkrishna Bajaj Agriculture College, Pipri, Wardha",shikshamandal@gmail.com,Wardha,Dr. Narendra M. Kanhe,255770,9823382851,Mr. Parag Kombe,Non-Autonomous,2017
138,5004,"Government College of Engineering, Jalgaon","Opp.Govt I.T. I. National Highway No-6, Jalgaon",princoej@rediffmail.com,Jalgaon,Dr. R.P.Borkar,2281522,2281522,Smt. S A Patil,Autonomous,1996
139,5103,"Shri Shivaji Vidya Prasarak Sanstha's Late Bapusaheb Shivaji Rao Deore College of Engineering,Dhule","SSVP Sansthas B S Deore College of Engineering ,M.B.A.Department, Dhule",princi.ssvps@gmail.com,Dhule,Dr.Hitendra D.Patil,272713,284300,Prof. Kunal S. Patil,Non-Autonomous,1983
140,5105,"G.H. Raisoni Institute of Engineering and Management, Jalgaon","Gat No. 57/1, Shirsoli Road, At. Post- Mohadi Tal. & Dist. Jalgaon,",prabhakar.bhat@raisoni.net,Jalgaon,Dr. A. G. MATHEW,2264881,2264882,Arun Daulatrao Patil,Non-Autonomous,2007
141,5106,"K. C. E. Societys College of Engineering and Information Technology, Jalgaon","C.S. No. 7480 and 7323, Behind D.I.C., N.H.No.6, IMR Campus, Jilha Path, Jalgaon",coeit.inquiry@gmail.com,Jalgaon,Dr. K. P. Rane,2242025,2242026,Prof. Sanjay R Sugandhi,Non-Autonomous,2001
142,5107,"Shri Gulabrao Deokar College of Engineering, Jalgaon","Gat No. 56, P.B. NO. 113, Shirsoli Road, Jalgaon",principal@sgdcoejalgaon.org,Jalgaon,Dr. A. J. Patil,2264871,2264873,Shashikant B Patil,Non-Autonomous,1999
143,5108,"Nashik District Maratha Vidya Prasarak Samaj's Karmaveer Adv.Babaurao Ganpatrao Thakare College of Engineering, Nashik","Udoji Maratha Boarding Campus, Near Pumping Station, Gangapur Road, Nashik",principal@kbtcoe.org,Nashik,Dr. Nanasaheb Shripat Patil,2571439,7378497999,Mrs. Shrushti J. Shinde,Non-Autonomous,1999
144,5109,"Sandip Foundation, Sandip Institute of Technology and Research Centre, Mahiravani, Nashik","At Post mahiravani, Trimbak Road Dist Nashik",principal@sitrc.org,Nashik,Dr. S. T. Gandhe,222551,222551,Mrs. Aruna Aher,Non-Autonomous,2008
145,5124,"Jagadamba Education Soc. Nashik's S.N.D. College of Engineering & Reserch, Babulgaon","At. Post Babulgaon, Tal Yeola, Nashik",sndcoe.principal@gmail.com,Nashik,Dr. H.N. Kudal,225012,225011,Prof I. R. Shaikh,Non-Autonomous,2006
146,5125,"Pravara Rural Education Society's Sir Visvesvaraya Institute of Technology, Chincholi Dist. Nashik","At / Po Chincholi, Tal. Sinnar, Nashik",svit.nashik@pravara.in,Nashik,Prof. (Dr.)Y.R.KHARDE,271278,271261,Mr. Ghuge S L,Non-Autonomous,1998
147,5130,"Brahma Valley College of Engineering & Research, Trimbakeshwar, Nashik","Anjaneri Village, Trimbakeshwar, Dist.Nashik 422103",princi.bvcoe@gmail.com,Nashik,Prof. C.K. Patil,220202,2464691,Mr. Pagar Samadhan S.,Non-Autonomous,2008
148,5139,"Pravara Rural College of Engineering, Loni, Pravaranagar, Ahmednagar.","A/P.Loni, Tal.Rahata Dist.Ahmednagar",principal@pravaraengg.org.in,Ahmednagar,Dr. S. M. Gulhane,273204,273204,Mr. B. M. Pansare,Non-Autonomous,1983
149,5160,"Sanjivani Rural Education Society's Sanjivani College of Engineering, Kopargaon","Sahajanand Nagar, Po : Shingnapur, Tal : Kopargaon, Dist. Ahmednagar",principalcoe@sanjivani.org.in,Ahmednagar,Dr. D.N.Kyatanavar,9130191301,222469,Shri K.M. Bhavsar,Autonomous,1983
150,5161,"Dr. Vithalrao Vikhe Patil College of Engineering, Ahmednagar","vadgaon Gupta, Vilad Ghat, P.O.-MIDC, Ahmednagar",prin_coea@yahoo.com,Ahmednagar,Dr. Uday Naik,2777296,2779496,Mr. A.T.Bhosale,Non-Autonomous,1983
151,5164,"P.S.G.V.P. Mandal's D.N. Patel College of Engineering, Shahada, Dist. Nandurbar","Poojya Sane Guruji Vidya Prasarak Mandal's, D.N. Patel College of Engineering, Shahada, Dist. Nandurbar",principal@coeshahada.ac.in,Nandurbar,PROF. DR. N. J. PATIL,229649,229649,Shri. D. N. Patil,Non-Autonomous,1983
152,5167,"Sanjay Education Society's College of Engineering, Navalnagar","Navalnagar, Tal & Dist. Dhule",coenavalnagar@gmail.com,Dhule,Dr. B.K. Mukherjee,260238,260245,Prof. P. R. Gawande,Non-Autonomous,1984
153,5168,"T.M.E. Society's J.T.Mahajan College of Engineering, Faizpur","Jivram Nagar, ,Nhavi Marg, PO:Faizpur(MSSK), Dist. Jalgaon",jtmcoef@rediffmail.com,Jalgaon,Dr. Ravindra Deoram Patil,248256,248179,Pradip Vishnu Chaudhari,Non-Autonomous,1984
154,5169,"Nagaon Education Society's Gangamai College of Engineering, Nagaon, Tal Dist Dhule","Nagaon At Post. Nagaon, Tal&Dist. Dhule",nagaonengg@rediffmail.com,Dhule,Dr. Adwait M. Vaidya,243170,243000,Shri. J. F. Patil,Non-Autonomous,1991
155,5170,"Hindi Seva Mandal's Shri Sant Gadgebaba College of Engineering & Technology, Bhusawal","Near Z.T.C Bhusawal, Dist. Jalgaon",rps125@rediffmail.com,Jalgaon,"Dr. R. P. Singh (Approved by N.M.U., Jalgaon)",221719,221719,Dr R P Singh,Non-Autonomous,1998
156,5171,"Godavari Foundation's Godavari College Of Engineering, Jalgaon","Plot No.51, Dr. Ulhas Patil Nagar, Additional MIDC, Bhusawal Road, N.H.No.6, Jalgaon",gcoe2008@gmail.com,Jalgaon,DR VIJAY HARI PATIL,2212999,2213500,Ishwar Shenfadu Jadhav,Non-Autonomous,1999
157,5172,"R. C. Patel Institute of Technology, Shirpur","Near Nimzari Naka, Shirpur Dist. Dhule",registrar@rcpit.ac.in,Dhule,Prof. Dr. J. B. Patil,259600,259600,Prashant Mahajan,Non-Autonomous,2001
158,5173,"SNJB's Late Sau. Kantabai Bhavarlalji Jain College of Engineering, (Jain Gurukul), Neminagar,Chandwad,(Nashik)","Jain Gurukul, Neminagar, Chandwad Dist. Nashik",principalcoe@snjb.org,Nashik,Dr. Kokate M D,205527,253752,Mr. Jadhav M M,Non-Autonomous,2004
159,5176,"G. H. Raisoni College of Engineering and Management, Ahmednagar","G.No.1030, At/Post-Chas,Nagar-Pune Road, Ahmednagar",ghrcemahm@raisoni.net,Ahmednagar,Dr.Jayakumar Jayaraman,2570123,2570123,Mr.Sunil R.Dhobe,Non-Autonomous,2008
160,5177,"Matoshri College of Engineering and Research Centre, Eklahare, Nashik","At Post Eklahare, Taluka & District Nashik",gkkharate@rediffmail.com,Nashik,Dr. G.K. Kharate,2406600,2406600,Mr. Nagare Baban .T.,Non-Autonomous,2008
161,5179,"Vishwabharati Academy's College of Engineering, Ahmednagar","Sarola Baddi ,Jamkhed Road , Ahmednagar",principal_vacoea@yahoo.com,Ahmednagar,Dr. Pranay Ajabrao Makasare,2660033,2660033,Mr.Bargale R.P.,Non-Autonomous,2008
162,5182,"Kalyani Charitable Trust, Late Gambhirrao Natuba Sapkal College of Engineering, Anjaneri, Trimbakeshwar Road, Nashik","Sapkal Knowldege Hub,Kalyani Hills, Anjaneri- Wadholi, Tal. Trimbak, Nashik",gns_engineering@sapkalknowledgehub.org,Nashik,Prof (Dr.) Sahebrao B. Bagal,220175,220175,Mr. Nitin G. Jaware,Non-Autonomous,2009
163,5183,"Shri Chhatrapati Shivaji College of Engineering, (Rahuri Factory), Tal.Rahuri, Dist.Ahmednagar","Shree Shivaji Nagar (Rahuri Factory), Tal. Rahuri, Dist. Ahmednagar",scsc_eng@yahoo.in,Ahmednagar,Dr. Sable Kishor Sambhaji,251200,9156532111,Shri. Adhav Yogesh Janardhan,Non-Autonomous,2009
164,5225,"Shree Sant Muktabai Sansthan's Shri Sant Muktabai Institute of Technology, Jalgaon","B.J Nagar Pimparala Road, P.Box No 132, Jalgaon , 425001",smitcollegejalgaon@gmail.com,Jalgaon,Miss. V.S.Neve ( I/C Principal),2250500,2250776,Patil Diwakar Jijabrao,Non-Autonomous,1983
165,5229,"Technical & Medical Education Society's J. T. Mahajan Polytechnic, Faizpur","Nhavimarg, Faizpur Jalgaon , 425524",jtmpfaiz@gmail.com,Jalgaon,Shri. Pradeep Bhagwat Patil,248156,248556,Shri.Ramanlal Ghanashyam Mahajan,Non-Autonomous,1983
166,5244,"MET's Institute of Technology Polytechnic, Bhujbal Knowledge City, Adgaon Nashik","Bhujbal Knowledge City, Adgaon ,Nashik 422003",principal_iot@bkc.met.edu,Nashik,Dr Rajendra S Narkhede,2555825,2555825,S. N. PILLAI,Non-Autonomous,2006
167,5246,"Kai. Vanjibaba Gramin Vikas Mandal, Shantidevi Chavhan Institute of Engineering & Technology, Chalisgaon","Survey No. 94/3/1 & 2, At Post Bhoras, Tal Chalisagtion, Jalgaon , 424101",1004principal@msbte.com,Jalgaon,Mr. D A Patil,257356,257357,PATIL S.H.,Non-Autonomous,2008
168,5249,"Trimurti Shikshan Prasarak Mandal, Trimurti Institute Of Technology, Paladhi Bk, Jalgaon","Survey No.227/2, Paldhi Bk, Next To North Maharashtra University, Tal-Dhamangaon, Dist:Jalgaon",manojpatil9737@rediffmail.com,Jalgaon,Manoj P. Patil ( director ),202292,202292,manoj patil,Non-Autonomous,2009
169,5253,"Kisan Dnyanoday Mandal Gudhe's Dr. Uttamrao Mahajan Institute Of Engineering & Technology,Chalisgaon, Jalgaon","Gat No.140 2 A/1,140 2 A/2, Aurangabad Byepass Road, Chalisgaon Dist-Jalgaon 424101",1178principal@msbte.com,Jalgaon,A.M PATARE,202252,202252,Dr. H. U. Mahajan,Non-Autonomous,2009
170,5263,"Matoshri Education Soceity, Matoshri Institute Of Technology, Dhanore, Nashik","Dhanore Tal.Yeola, Dist.Nashik 423401",mityeola@gmail.com,Nashik,Prof.G S Gujrathi,267561,267560,Mr.R P Phad,Non-Autonomous,2009
171,5330,"Pune Vidyarthi Griha's College Of Engineering, Nashik","206, Dindori Road, Near Meri, Mhasrul, Nashik",pvgcoenashik@gmail.com,Nashik,Dr. A. R. Rasane,6480036,6480003,Mr S.N.Gunjal,Non-Autonomous,2010
172,5363,"Amruta Vaishnavi Education & Welfare Trust's Shatabdi Institute of Technology, Agastkhind, Tal Sinner","Srv. No. 2, At. Post Agastkhind, Tal Sinner Dist. Nashik 422502",1473principal@msbte.com,Nashik,Mr. H. P. BHABAD,2551304,2551304,Akolkar Naresh Shashikant,Non-Autonomous,2010
173,5368,"Seva Shikshan Prasarak Mandal, Dr. N. J. Paulbudhe Institute of Technology, Narayandoho Tal Nagar, Ahmednagar",Gate No. 479 At. Post Narayandoho Tal Nagar Dist. Ahmednagar,polytech_paulbudhe@yahoo.in,Ahmednagar,Principal Mr.B. D. Borde,2030626,2030627,MR. KARAMPURI R.S.,Non-Autonomous,2010
174,5369,"Nashik Institute of Technology, Late Annasaheb Patil Polytechnic , Dindori Road Cannol road ,MERI ,Nashik","Srv. No,.155 / 1A Dindori Road Cannol road MERI Nashik",principal@nitnasik.com,Nashik,Dr. SURESH PANDURANG PAWAR,2024121,2629777,Mr. JAGTAP M.P.,Non-Autonomous,2010
175,5381,"Shri. Jaykumar Rawal Institute of Technology, Dondaicha.","At Post Dondaicha, Dist. Dhule",5381jaytech@gmail.com,Dhule,Dr. Purushottam D. Patil,256244123,244123,MR SHAMKUMAR BHAVSAR,Non-Autonomous,2011
176,5382,"Ahmednagar Jilha Maratha Vidya Prasarak Samajache, Shri. Chhatrapati Shivaji Maharaj College of Engineering, Nepti","Survey No. 162& 163, Nepti, Nagar Kalyan Road, Ahmednagar",scsmcoe.anr@hotmail.com,Ahmednagar,Dr. R. S. Deshpande,2568383,2568384,Mr. M. B. Amrute,Non-Autonomous,2011
177,5384,"Shree Saibaba Institute of Engineering, Research & Allied Sciences, Rahta.","At Post Rahta, Taluka Rahata, Dist. Ahmednagar",shrisaibabaengg@gmail.com,Ahmednagar,Prof. Aher Mahesh Shivajirao,204580,204578,Rohamare R.V.,Non-Autonomous,2011
178,5385,"Akole Taluka Education Society,s Technical Campus, Akole, Ahmednagar","Akole, Tal. Akole, Dist. Ahmednagar",akole2011@gmail.com,Ahmednagar,Dr. Prashant Radhakrishna Tambe,221123,95957577,Wakchaure Santosh Tukaram,Non-Autonomous,2011
179,5395,"Ashok Institute of Engineering & Technology(Polytechnic), Shrirampur.","Ashok Nagar, Tal.Shrirampur, Dist. Ahmednagar.413717",ashoktech_ashoknagar@yahoo.com,Ahmednagar,Kadu Arun Ramnath,246021,246021,Thorat Sachin N,Non-Autonomous,2011
180,5401,"Jawahar Education Society's Institute of Technology, Management & Research, Nashik.","Survey No.48, Gowardhan, Gangapur Road, Nashik.",principaljitnashik@rediffmail.com,Nashik,Dr.M. V. Bhatkar,2970077,2970077,Mr. Jagdish V. Patil,Non-Autonomous,2012
181,5408,"Vidya Niketan College of Engineering, Bota Sangamner","Gat No. 670, Vidya Nagari, Pune Nashik Road, at post Bota, TalSangamner, Dist. Ahmednagar.",vncoe.principal@gmail.com,Ahmednagar,SIDDALINGESH G.,8600888433,8600888433,SANDIP BHAIK,Non-Autonomous,2012
182,5409,"Rajiv Gandhi College of Engineering, At Post Karjule Hariya Tal.Parner, Dist.Ahmednagar","At Post Karjule Harya, Tal. Parner, Dist Ahmednagar",rajivgandhi.iot@gmail.com,Ahmednagar,Dr.Tidke Pandurang Ashruba,295101,9604049525,Mr.Pawar Santosh Barku,Non-Autonomous,2012
183,5414,"Nikam Institute of Technology(Polytechnic),Dhule","Morane-Gondur byPass road,Gondur",5414nikampoly@gmail.com,Dhule,PRAKALP P.PATIL,297309,297309,JITENDRA ANANDRAO SONAWANE,Non-Autonomous,2013
184,5418,"Guru Gobind Singh College of Engineering & Research Centre, Nashik.","Khalsa Educational Complex, Guru Gobind Singh Marg, Nashik.",gcoerc.nashik@ggsf.edu.in,Nashik,Dr. Neelkanth G. Nikam,2372766,2372766,Manoj Koli,Non-Autonomous,2013
185,5419,"Mauli Institute of Technology (Polytechnic), Amalner, Dist. Jalgaon","Gut No.25/1/A, Dheku Road, Ambasan Dheku, Amalner, District Jalgaon.",maulipoly@gmail.com,Jalgaon,Prof. K.R.PATIL.,218200,7588007270,MR.SWAPNIL PATIL,Non-Autonomous,2013
186,5431,"Shri. Sai Institute of Technology, Amalner","Gat NO.15/1, Devli/Devgaon, Tal.Amalner, Dist Jalgaon.",php_pune@rediffmail.com,Jalgaon,Prakash H. Patil,218312,9423479388,Prakash H. Patil,Non-Autonomous,2015
187,5449,"Shri Vile Parle Kelavani Mandal's Institute of Technology, Dhule","Survey No. 499/1, Plot No.2, Behind Gurudwara, Mumbai Agra Highway, Dhule",IOTDhule@svkm.ac.in,Dhule,Dr. Nilesh P. Salunke,2562297801,2562297801,Mr. Anmol Suryavanshi,Non-Autonomous,2017
188,6004,"Government College of Engineering & Research, Avasari Khurd","Avasari, Tal. Ambegaon. Dist. Pune",gcoeara@gmail.com,Pune,Dr. A.S. Pant,230582,230582,"I/c Registrar, Shri. C.A. Suryawanshi",Non-Autonomous,2009
189,6005,"Government College of Engineering, Karad","Vidyanagar, Karad Dist. Satara",principal@gcekarad.ac.in,Satara,Dr. A T Pise,272414,272415,Mr. D. Y. Peraspure,Autonomous,1960
190,6007,"Walchand College of Engineering, Sangli","Walchand College of Engineering, Vishram Bagh, Sangli",director@walchandsangli.ac.in,Sangli,Dr. P. G. Sonavane,2303433,2305506,Dr. D. B. Kulkarni,Autonomous,1947
191,6018,"Institute of Civil and Rural Engineering(aided), Gargoti, Kolhapur","Hutatma Murlidhar Nagar, Gargoti, Kolhapur 416209",icre_gargoti@rediffmail.com,Kolhapur,Shri. Jayant Shankar Ghevade,220069,220249,Shri Bhoite P.D.,Non-Autonomous,1957
192,6020,"Cusrow Wadia Institute of Technology( Aided ), Pune","19, Bundgarden Rd.,Pune Pune , 411001",cwitpune@rediffmail.com,Pune,PROF. RAO.V.R.,26164814,26161310,Shri S. R. Abnave,Autonomous,1938
193,6113,"Sinhgad Technical Education Society's Sinhgad Institute of Management, Vadgaon (Budruk), Pune","S. No. 44/1, Opp Sinhagad Road, Vadgaon (Budruk), Pune 411041",director_siom@sinhgad.edu,Pune,Dr. Daniel Penkar,24356592,24355531,Mrs.Rupali Warokar,Non-Autonomous,1994
194,6139,"Progressive Education Society's Modern College of Engineering, Pune","P.E.S. Modern College of Engineering, 1186 A, Shivajinagar, Off. J.M. Road, Pune",pesmcoe@gmail.com,Pune,Dr.Mrs.K.R. Joshi,25533638,25533638,Mr. D. D. Gangurde,Non-Autonomous,1999
195,6141,"Jaywant Shikshan Prasarak Mandal's,Rajarshi Shahu College of Engineering, Tathawade, Pune","S. No. 80/3, Mumbai Pune Bypass Highway, Tathawade,Tal-Munshi, Dist. Pune",rscoe@jspm.edu.in,Pune,Dr. R. K. Jain,22933423,22934347,Dr. Amey A Choudhari,Autonomous,2001
196,6144,"Genba Sopanrao Moze College of Engineering, Baner-Balewadi, Pune","Survey No. 25/1/3, Infront of Chatrapati Shivaji Sports Stadium, Balewadi, Tal. Haveli, Dist. Pune",ratnaraj.jambi@gmail.com,Pune,Ratna Raja Kumar,27390500,27390064,Ratna Raja Kumar,Non-Autonomous,1999
197,6145,"JSPM'S Jaywantrao Sawant College of Engineering,Pune","S. No. 58, Indrayani Nagar, Handewadi Road, Hadapsar, Pune",drmgjadhav@gmail.com,Pune,Dr. M.G. Jadhav,26970886,26970983,Gawade J.R.,Non-Autonomous,2004
198,6146,"MIT Academy of Engineering,Alandi, Pune","Alandi (D) Tal. Khed, Dist. Pune",principal@maepune.ac.in,Pune,Dr. Mahesh D Goudar,30253500,30253600,Mr. Manoj N Bade,Autonomous,1999
199,6148,"MAEER's M.I.T. College of Engineering , Kothrud, Pune","S.No. 124, Ex. Serviceman Colony, MIT College Campus, Paud Road, Kothrud, Pune",principal@mitcoe.edu.in,Pune,Dr. Anil S Hiwale,30273400,30273400,Mr. Yogesh B. Shedge,Non-Autonomous,2001
200,6149,"Choudhary Attar Singh Yadav Memorial Trust,Siddhant College of Engineering, Maval","Chakan Talegaon Road, At Post Sudumbare, Tal. Maval Dist. Pune",engineeringprincipal@gmail.com,Pune,Dr. J.R.PANCHAL,661904,661966,Miss Babar.D.R,Non-Autonomous,2005
201,6151,"Maharashtra Institute of Technology, Kothrud, Pune","Paud Road,Survey No. 124, Ex-Servicemen Colony Paud Road, Kothrud, Pune",mit@mitpune.com,Pune,Dr. Lalitkumar K.Kshirsagar,30273400,30273456,ABHAY BIRARI,Non-Autonomous,1983
202,6155,"G.H.Raisoni College of Engineering & Management, Wagholi, Pune","Gat No. 1200 , Domkhel Road, Wagholi,Tal-Haveli, Dist. Pune",ghrcem.pune@raisoni.net,Pune,Dr. Vaibhav Hendre,9921580670,9921580670,Mr. S. H. Karande,Autonomous,2006
203,6160,"JSPM's Imperial College of Engineering and Research, Wagholi, Pune","Gat No. 720/2, Pune-Ahmadnagar Road, Wagholi, Tal- Haveli, Dist. Pune",principal@jspmicoer.edu.in,Pune,Dr. R. S. Deshpande,67335100,67335102,Dr . A. W. Dhawale,Non-Autonomous,2006
204,6175,"Pimpri Chinchwad Education Trust, Pimpri Chinchwad College of Engineering, Pune","Sector 26, Pradhikaran, Nigdi Pradhikaran, Pune",pccoeadmin@gmail.com,Pune,Dr. A. M. Fulambarkar,27653168,27653168,Mr. P. S. Patil,Non-Autonomous,1999
205,6176,"G. H.Raisoni Institute of Engineering and Technology, Wagholi, Pune","Gat No.1200, Navin Wagholi, Tal. Haveli Dist. Pune",r.kharadkar@raisoni.net,Pune,Prof. Dr. R. D. Kharadkar,9604787186,9604787185,Prof Hate Sudhir,Non-Autonomous,2007
206,6177,"Sinhgad College of Engineering, Vadgaon (BK), Pune","44/1, Vadgaon,(bk) off Sinhgad Road Pune",principal.scoe@sinhgad.edu,Pune,Dr. S. D. Lokhande,24100000,24354705,V D Tayade,Non-Autonomous,1996
207,6178,"Sinhgad Technical Education Society's Smt. Kashibai Navale College of Engineering,Vadgaon,Pune","S. No. 44/1, Vadgaon(bk) off Sinhgad Road, Pune",principal.skncoe@sinhgad.edu,Pune,DR. A.V. Deshpande,24354938,24354938,KAVITA SHIRISH BORGAVE,Non-Autonomous,2000
208,6179,"Indira College of Engineering & Management, Pune","Survey No.64,65,Gat No.276, At Post Parandwadi, Near Somatne Phata, Tal- Maval Dist. Pune",principal@indiraicem.ac.in,Pune,Dr.Sunil S. Admuthe,661500,661500,Mr.Gajanan T. Adke,Non-Autonomous,2007
209,6183,"Al-Ameen Educational and Medical Foundation, College of Engineering, Koregaon, Bhima","Sharad Campus Pimpal, Jagtap Road A/P, Koregaon Bhima Tal-Shirur, Pune",alameenpune@gmail.com,Pune,Dr. Shinde J N,646015,646010,SHAIKH TANVEER SABIR,Non-Autonomous,2008
210,6184,"K. J.'s Educational Institut Trinity College of Engineering and Research, Pisoli, Haveli","S.No. 25/27, Pisoli, Tal.Haveli Dist. Pune",trinitycoe@gmail.com,Pune,Dr. A. B. Auti,8446041199,8446041199,Mr.Prashant Renushe,Non-Autonomous,2008
211,6185,"Sinhagad Institute of Technology, Lonavala","Gat No.309/310/314, Pune-Mumbai Express Highway, kasgaon(BK), Lonavala Pune , 410401",principal_sit@sinhgad.edu,Pune,Dr. M. S. Gaikwad,673356,673353,D R RAUT,Non-Autonomous,2004
212,6187,"Sinhgad Academy of Engineering, Kondhwa (BK) Kondhwa-Saswad Road, Pune","S.No.40/4A, Kondhwa(BK), Kondhwa-Saswad Road, Pune",saeprincipal@sinhagad.edu,Pune,Dr. Kishor P.Patil,26934441,26934550,S.N. Kamat,Non-Autonomous,2005
213,6203,"Marathwada Mitra Mandal's Institute of Technology, Lohgaon, Pune","Survey No.35, Plot No. 5/6, Lohgaon Tal. Haveli Dist. Pune",principal@mmit.edu.in,Pune,Dr. R. V. Bhortake,7447786623,9049008003,Uday Wankhede,Non-Autonomous,2007
214,6206,"Pune District Education Association's College of Engineering, Pune","Hadapsar-Manjari Road, Manjari(BK),Dist. Pune",coem@pdeapune.org,Pune,DR R V PATIL,26996275,26996625,VAIDYA M C,Non-Autonomous,1998
215,6207,"Dr. D. Y. Patil Vidya Pratishthan Society’s Dr. D. Y. Patil Institute of Technology, Pimpri, Pune","Sant Tukaram Nagar, Pimpri, Pune“",info.engg@dypvp.edu.in,Pune,Dr. Pramod D.Patil,27421095,27421096,Mr. Babasaheb Powar (Office-Superintendent),Non-Autonomous,1998
216,6214,"K. E. Society's Rajarambapu Institute of Technology, Walwa, Sangli","Rajaramnagar, A/p. Sakhrale, Tal: Walwa Dist. Sangli",director@ritindia.edu,Sangli,Dr. Mrs. S. S. Kulkarni,220329,221001,Mrs. Sarika D. Patil,Autonomous,1983
217,6220,"Shri Vithal Education and Research Institute's College of Engineering, Pandharpur","P.O. Box No. 54, Gopalpur - Ranjani Road, Gopalpur, Pandharpur Dist. Solapur",coe@sveri.ac.in,Solapur,Prof.Dr. B. P. Ronge,7767003431,9545553737,Mr. R. G. Zarkar,Non-Autonomous,1997
218,6222,"Dattajirao Kadam Technical Education Society's Textile & Engineering Institute, Ichalkaranji.","Post Box No. 130, Rajwada, Ichalkaranji. Dist. Kolhapur",dktestextile@gmail.com,Kolhapur,Prof. (Dr.) P. V. Kadole,2421300,2437311,Rajendra R Shah,Autonomous,1983
219,6223,"Pradnya Niketan Education Society's Nagesh Karajagi Orchid College of Engineering & Technology, Solapur","Post Box No.154,Gut No. 16, Hipparanga, Tuljapur Road, North Solapur",office@orchidengg.ac.in,Solapur,Dr. J.B. Dafedar,2500020,2500021,Mr. Shelke S. S.,Non-Autonomous,2008
220,6225,"Dattajirao Kadam Technical Education Society's Textile & Engineering Institute, Ichalkaranji.","Post Box No. 130, Rajwada, Ichalkaranji. Dist. Kolhapur",dkte@sancharnet.in,Kolhapur,Prof. (Dr.) P. V. Kadole,2421300,2437311,SHRI RAJENDRA R. SHAH,Non-Autonomous,1983
221,6231,"Sinhgad Technical Education Society's Sinhgad Institute of Management ,Vadgaon(Budruk),Pune","S. No. 44/1, Opp Sinhagad Road, Vadgaon (Budruk), Pune 411041",directormca_siom@sinhgad.edu,Pune,Dr. Parag Kalkar,24358360,24100000,Mrs. Rupali Warokar,Non-Autonomous,1996
222,6237,"Deccan Education Society's Technical Institute ,Pune","BMCC Road, Opposite to IMDR, Fergussons Campus, Pune",principal@destip.org,Pune,Dr.R.H. Dongre,67656281,67656282,Dr. Raviprakash H. Dongre,Non-Autonomous,1937
223,6239,"Sinhgad Technical Education Society, Sinhgad Institute of Management & Computer Application, Narhe (Ambegaon), Pune","At Post Narhe, (Ambegaon), Off,Westerly by pass Pune- 411041",director_mca_simca@sinhgad.edu,Pune,Dr. Shivaji Mundhe,66831922,66831907,Manish Kasabekar,Non-Autonomous,2004
224,6250,"D.Y. Patil College of Engineering and Technology, Kolhapur","Kasaba Bavada,Taluka Karveer,Kolhapur",info.dypcet@dypgroup.edu.in,Kolhapur,Prof. Santosh Devidaspant Chede,2601432,2601433,Dr. Litesh Vasanji Malade,Non-Autonomous,1984
225,6255,"Maharashtra Academy of Engineering & Educational Research's Maharashtra Institute of Pharmacy, Pune","S.No.124, MIT Campus, Ex-servicemen Colony, Paud Road, Kothrud, Pune",maeersmippune@gmail.com,Pune,Dr. B. S. Kuchekar,30273653,30273673,Mr. L. T. Borade,Non-Autonomous,1997
226,6266,"Shetkari Shikshan Mandal's Pad. Vasnatraodada Patil Institute of Technology, Budhgaon,(Diploma) Sangli","PVPIT), Budhgaon, Tasgaon Rd., Tal : Miraj",0045principal@msbte.com,Sangli,Prof. B.B.Patil,2366317,2366500,Mr. Ashok Raghunath Kale,Non-Autonomous,1983
227,6267,"Kolhapur Institute of Technology's College of Engineering(Autonomous), Kolhapur","R.S. No. 199, B/1-3, Gokul_Shirgaon,Tal: Karveer Kolhapur , 416234",info@kitcoek.in,Kolhapur,Dr. V. V. Karjinni,7769001199,2636202,Dr. M. M. Mujumdar,Autonomous,1983
228,6268,"Tatyasaheb Kore Institute of Engineering and Technology, Warananagar","At & Post - Warananagar Taluka : Panhala Kolhapur , 416113",principal@tkietwarana.ac.in,Kolhapur,Dr. Sunil V. Anekar,224012,224012,Mr. D. S. Thombare,Non-Autonomous,1983
229,6270,"Rayat Shikshan Sanstha's Karmaveer Bhaurao Patil College of Engineering, Satara","Rayat Shikshan Sanstha's Karmaveer Bhaurao Patil College of Engineering, Near Circuit House, Sadar Bazar, Camp-Satara",registrar@kbpcoes.edu.in,Satara,Dr. Attar Abdul Chand,230636,233005,Mr. Ganesh Kisan Suravase,Non-Autonomous,1983
230,6272,"Dr. D. Y. Patil Pratishthan's D.Y.Patil College of Engineering Akurdi, Pune","Sector-29,Nigdi Pradhikaran, Akurdi, Pune",principal@dypcoeakurdi.ac.in,Pune,Dr. Vijay M. Wadhai,27653054,27653058,Dr. N. S. Jain,Non-Autonomous,1984
231,6273,"Bansilal Ramnath Agarawal Charitable Trust's Vishwakarma Institute of Technology, Bibwewadi, Pune","666, Upper Indira Nagar, Bibwewadi, Pune",registrar@vit.edu,Pune,Prof. (Dr.) Rajesh M. Jalnekar,24283001,24202221,Prof. Ganesh D. Korwar,Autonomous,1984
232,6274,"Pune Vidyarthi Griha's College of Engineering and Technology, Pune","44, Vidyanagari, Parvati, Shivdarshan Chowk, Near Muktangan English School, Pune",info@pvgcoet.ac.in,Pune,Dr. Kalyani Jitendra Kulkarni,24228258,24211514,HADAP MEENA PRASAD,Non-Autonomous,1985
233,6275,"Shivnagar Vidya Prasarak Mandal's College of Engineering, Malegaon-Baramati","Malegaon BK, Tal: Baramati Dist. Pune",coembk.office@gmail.com,Pune,Dr. Mukane Shailendrakumar Mahadeo,255113,255113,Phalke Rajaram Babasaheb,Non-Autonomous,1990
234,6276,"MKSSS's Cummins College of Engineering for Women, Karvenagar,Pune","Karvenagar, Pune",administrator@cumminscollege.org,Pune,Dr. Madhuri Khambete,25311000,25311100,Smt. Revati Gore,Autonomous,1991
235,6277,"Dr. J. J. Magdum Charitable Trust's Dr. J.J. Magdum College of Engineering, Jaysingpur","Gat no. 314/330, Shirol wadi road, Jaisingpur Dist. Kolhapur",principal@jjmcoe.ac.in,Kolhapur,Dr. Sanjay Hari Sawant,221123,221828,Shri S.B. Kolekar,Non-Autonomous,1992
236,6278,"All India Shri Shivaji Memorial Society's College of Engineering, Pune","Kennedy Road, Near R.T.O., Pune",contact@aissmscoe.com,Pune,Dr Dattatraya Shankar Bormane,26058587,26059562,Mr A B Bhonsle,Non-Autonomous,1992
237,6281,"Modern Education Society's College of Engineering, Pune","Wadia College Campus 19, Late Prin. V. K. Jog Path, Pune",principal@mescoepune.org,Pune,Dr. A. A. Keste,26163831,26169730,Mr S.S.Ingole,Non-Autonomous,1999
238,6283,"Annasaheb Dange College of Engineering and Technology, Ashta, Sangli",At Post : Ashta. Tal- Walwa Dist. Sangli,profrak@rediffmail.com,Sangli,Dr. V. S. Patil,241107,241115,Prof. S. B. Hivarekar,Autonomous,1999
239,6284,"Vidya Pratishthan's Kamalnayan Bajaj Institute of Engineering & Technology, Baramati Dist.Pune","Vidyanagari, Bhigwan Road, Baramati Dist. Pune",principal.vpkbiet@vidyapratishthan.com,Pune,Dr. R.S. Bichkar,239503,239500,Mr. Satish H. Taware,Non-Autonomous,2000
240,6285,"Bharati Vidyapeeth's College of Engineering for Women, Katraj, Dhankawadi, Pune","Katraj,Dhankawadi campus, Pune-Satara Road, Pune",coewpune@bharatividyapeeth.edu,Pune,Dr. SANDIP RAOSAHEB PATIL,24371684,24371684,Mr. Sathe Ashok Tukaram,Non-Autonomous,2000
241,6288,"Bharati Vidyapeeth's College of Engineering, Kolhapur","Near Chitranagari, Kolhapur",coekolhapur@bharatividyapeeth.edu,Kolhapur,Dr. Vijay Ghorpade,2638894,2639986,Mr. Kadam R. L.,Non-Autonomous,2001
242,6293,"Kai Amdar Bramhadevdada Mane Shikshan & Samajik Prathistan's Bramhadevdada Mane Institute of Technology, Solapur","Gat No.137, Solapur-Manglwedha-Kolhapur Highway,Taluka: North Solapur, Belati Solapur",bmit@bmssp.org,Solapur,Dr Mohanlal Motitlal Mulkutkar,2283842,2283822,Mr Anand Siddharam Uppin,Non-Autonomous,2006
243,6302,"Gourishankar Educational & Charitable Trust's Satara College of Engineering & Management, Limb, Satara","Survey No.989,/A-1, & 990/ At. Posty. Limb Taluka & District : Satara",scoem_sat@yahoo.com,Satara,Dr. Mrs. Kulkarni R P,268754,268754,Nirmal Pawar,Non-Autonomous,2008
244,6307,"Dhole Patil Education Society, Dhole Patil College of Engineering, Wagholi, Tal. Haveli","1284, Ubale Nagar, Wagholi, Taluka Haveli Dist. Pune",dpcoepune@gmail.com,Pune,Prof.Dr.Nihar Shripad Walimbe,66059900,66059900,Pankaj P. Amrutkar,Non-Autonomous,2008
245,6308,"Shanti Education Society, A.G. Patil Institute of Technology, Soregaon, Solapur(North)","18(2 A/2) Pratap Nagar , Bijapur Road, Solapur",contact@agpit.edu.in,Solapur,Dr. Sunil A. Patil,2342499,2343099,G N Kulkarni,Non-Autonomous,2008
246,6310,"Nutan Maharashtra Vidya Prasarak Mandal, Nutan Maharashtra Institute of Engineering &Technology, Talegaon station, Pune","Vishnupuri Talegaon Station, Taluka Mavel, Dist. Pune",nmiettalegaon@gmail.com,Pune,Dr. Lalitkumar Wadhava,231666,231888,Vijay Shirke,Non-Autonomous,2008
247,6311,"Jayawant Shikshan Prasarak Mandal, Bhivarabai Sawant Institute of Technology & Research, Wagholi","Gut No. 720/1 & 2, Pune Nagar Road, Wagholi, Tal. Hawali Dist. Pune",pricipalbsiotr@gmail.com,Pune,Dr. Nagaraj Kalyanappa Timalapur,67335108,67335108,Mr. Anuse Pritam Mahadev,Non-Autonomous,2009
248,6313,"Jaywant College of Engineering & Management, Kille Macchindragad Tal. Walva","GAT No 329/1, Kille Macchindragad,",contact@sspmjcem.com,Sangli,Mr.Deshmukh Monoj Janardan,266407,8605480504,Mr. Pramod Pawar,Non-Autonomous,2009
249,6315,"Holy-Wood Academy's Sanjeevan Engineering and Technology Institute, Panhala","Sanjeevan Knowladge City, Somwarpeth (Injole), Panhala, Tal. Panhala. Dist. Kolhapur",office@seti.edu.in,Kolhapur,Dr. Mohan B.Vanarotti,2686600,2686601,Shri. B. V. Kumbhar,Non-Autonomous,2009
250,6317,"Sharad Institute of Technology College of Engineering, Yadrav(Ichalkaranji)","Gat No.525 & 473/A, Yadrav, Tal. Shirol, Dist: Kolhapur",contact@sitcoe.org.in,Kolhapur,Dr Sanjay Annaso Khot,253001,253016,Shinde D D,Non-Autonomous,2009
251,6318,"Abhinav Education Society's College of Engineering and Technology (Degree), Wadwadi","S. No 209, At Post - Wadwadi, Tal - Khandala, Dist - Satara",abhinavengineering@yahoo.com,Satara,Dr.Pradhan Milind Suresh.,286109,286109,Mrs.Yadhav Sunita A.,Non-Autonomous,2009
252,6320,"K.J.'s Educational Institute's K.J.College of Engineering & Management Research, Pisoli","Survey No. 25/27, Post Yevalewadi, Village Pisoli, Near Bopdev Ghat, Near Hotel Garwa, Tal. Haveli. Dist. Pune",principalkjcoemr@gmail.com,Pune,Prof. Dr. Suhas S. Khot,26934417,65789009,SANDIP PRALHAD PANCHBHAI,Non-Autonomous,2009
253,6321,"Vidya Vikas Pratishthan Institute of Engineering and Technology, Solapur","72/2 B, Pratap Nagar, Soregaon-Dongaon Road, Solapur",vvpiet@rediffmail.com,Solapur,Dr. Shailesh V. Deshpande,6452555,6054555,Mr. M. B. Patil,Non-Autonomous,2009
254,6322,"Shree Gajanan Maharaj Shikshan Prasarak Manda'l Sharadchandra Pawar College of Engineering, Dumbarwadi","At Dumberwadi, Post Khamundi(Otur), Tal. Junnar Dist. Pune",principalspoce09@gmail.com,Pune,Dr. Govind Ukhandrao Kharat,239202,239203,Benke Vishal Chandrakant,Non-Autonomous,2009
255,6323,"D. Y. Patil College of Engineering, Ambi, Talegaon, Maval","A/P Ambi, Talegaon, Maval, Dist.Pune",ddypea@gmail.com,Pune,Dr. Abhay A. Pawar,306228,2114306,SHRI. Bhavanrao Gaikwad,Non-Autonomous,2009
256,6324,"Rajgad Dnyanpeeth's Technical Campus,Dhangwadi, Bhor","S.No. 237, Dhangwadi, Tal. Bhor. Dist. Pune",scscoe@gmail.com,Pune,Prof.Dr. S. B. Patil,282556,282556,Mr. Goraknath D. Jagtap,Non-Autonomous,2009
257,6326,"Shri Pandurang Pratishtan, Karmayogi Engineering College, Shelve, Pandharpur","G. No. 125, 124, A/P Shelve, Tal. Pandharpur. Dist. Solapur",kecmailbox@rediffmail.com,Solapur,Dr. S.P. Patil,250301,250310,WALAKE G.D.,Non-Autonomous,2009
258,6378,"Sinhgad Technical Education Society's Sinhgad Institute of Pharmaceutical Sciences , Lonavala","S.No. 309/310, Kusgaon (Bk.), Off. Mumbai-Pune Expressway, Lonavala, Tal- Maval, Dist - Pune - 410401",sips@sinhgad.edu,Pune,Dr. M. P. Mahajan,673324,673322,Mr. Somnath B. Nalawade,Non-Autonomous,2004
259,6417,"Poona District Education Association's, Institute of Technology,Hadpsar,Pune","A.M. COllege Campus, Mahadeo Nagar, Manjari Road, Hadapsar,Pune-411028",iot@pdeapune.org,Pune,Prof.SAWALE NITIN REVAJI,26992415,26990602,Rakhunde K N,Non-Autonomous,1995
260,6419,"Nutan College of Engineering and Research, Talegaon Dabhade Tal. Maval, Pune","Vishnupuri,Talegaon Dabhade(St.), Tal.Maval District. Pune",ncerpune@gmail.com,Pune,Dr.Girish M.Desai,228175,228175,Mr.Samadhan Kumbhar,Non-Autonomous,2018
261,6422,"Bharati Vidyapeeth's Institute of Technology, Palus, Sangli","Atpost:Palus,Tal:Palus, Dist:Sangli 416310",mmsdeshmukh@rediffmail.com,Sangli,Mr. Deshmukh M.S.,228585,228008,Mr. Kulkarni H.R,Non-Autonomous,2000
262,6423,"Shri Jain Vidya Prasarak Mandal's Rasiklal M. Dhariwal Institute of Technology, Chinchwadgaon, Pune","Shri Fattechand Marg Pune , 411033",rmdiot@gmail.com,Pune,Mr. Anil B. Thite,27353516,98228894,Deshpande A A,Non-Autonomous,2001
263,6431,"Sai Charitable Trust, Indira Institute Of Diploma Engineering(Poly), Sasure, Tal. Barshi","Flat No. 67, At Post Sasure ( Bairag )Solapur_Barshi Highway, Barshi, Solapur 413402",ssctiide@gmail.com,Solapur,Shri. Zambare S.S.,240700,240700,Mr.Shinde D.B.,Non-Autonomous,2007
264,6433,"Vidyavardhini Charitable Trust's Abhaysinhraje Bhonsle Institute of Technology, Shahunagar- Shendra, Satara","Gat No. 282, 290 & 291 Shendre Satara 415001",abitsatara@rediffmail.com,Satara,Prof. Dhumal Satish U,9822607137,9822607137,MR. BHOSALE SOPAN SHIVAJI,Non-Autonomous,2008
265,6434,"Dinkarrao K. Shinde Smarak Trust, Dr. A.D. Shinde Institute Of Technology, Gadhinglaj","At Post-Bhadgaon, Taluka Gadhinglaj, Dist. Kolhapur 416502",principal_dads@rediffmail.com,Kolhapur,MR. S. S. PATTANSHETTI,250656,250457,Mr. S. M. Mhaldar,Non-Autonomous,2008
266,6436,"Sharad Institute of Technology Polytechnic, Yadrav( Ichalkaranji)","Jay-Sangli Naka, Yadrav-Ichalkaranji, Shirol, Kolhapur 416121",contact@sitpolytechnic.org,Kolhapur,Mr. Tashildar Bajrang Satappa,253050,253053,Mr.Wasim Ibrahim Shaikh,Non-Autonomous,2008
267,6444,"Shriram Institute Of Engineering & Technology, (Poly), Paniv","Paniv, Taluka Malshiras, Dist. Solapur 413113",sietpoly@gmail.com,Solapur,Mr. Khandare Pramod Prakash,274055,274211,Mr Chougule Nayankumar Babanrao,Non-Autonomous,2008
268,6466,"Shree Santkrupa Shikshan Sanstha, Shree Santkrupa Institute Of Engineering & Technology, Karad","Gat No.716,Ghogaon,(Shivajinagar),Tal.Karad Satara , 415111",ssietdegree@gmail.com,Satara,Prof. S. B. Kulkarni,257309,223096,Shri Patil Santosh Vishrant,Non-Autonomous,2017
269,6467,"Swami Vivekananda Pratisthan, Swami Vivekananda Institute Of Technology,Khed, Solapur","Gat No.16/1,Solapur -Barshi Road,Khed,North Solapur 413225",svp_sol@rediffmail.com,Solapur,MR. HINDURAO DINKAR GORE,2911026,2911025,MR. SAMADHAN DAGADU WADANE,Non-Autonomous,2009
270,6468,"Swami Vivekananda Shikshan Sanstha, Dr. Bapuji Salunkhe Institute Of Engineering & Technology,Kolhapur","2130, E Ward, Kolhapur 416003",bsieat@gmail.com,Kolhapur,Ramchandra PATIL,2658610,2658613,Mr. Amit Aba Awad,Non-Autonomous,2009
271,6536,"Vivekanad Institute of Technology Padmbhushan Vasantdada Patil College of Architecture, Pune","Sr. No.274/2, 275/2,282, Aditya Nisarg, At Post Pirangut, Taluka Mulshi, District Pune",pvpcoapune@gmail.com,Pune,Prof.Ar.Prasanna Desai,20291299,20291308,Santosh P.Patil,Non-Autonomous,1995
272,6545,"Samarth Education Trust's Arvind Gavali College Of Engineering Panwalewadi, Varye,Satara.","Gat. No-247,A/P-Panwalewadi Post Varye,Tal-Satara 415015",agcenggsatara@gmail.com,Satara,Dr.Vilas Arun Pharande,200100,200100,Kanase N.U.,Non-Autonomous,2010
273,6602,"College Of Engineering, Vairag Tal. Barshi","At/p- Sasure- Vairag On Solapur Barshi State HighWay Tal-Barshi Solapur , 413402",collegeofengineeringvairag@gmali.com,Solapur,D.R. Suryawanshi,240700,240700,Shinde D.B.,Non-Autonomous,2010
274,6608,"Institute of Technical Education, Research and Management, Akurdi","Sectro No.28, PCNTDA, Akurdi, Pune 411044",itermakurdi@gmail.com,Pune,Dr. M G Chaskar(Acting Director),27650788,27650276,Mrs Mohini V. kadam,Non-Autonomous,2010
275,6618,"Shriram Institute Of Engineering And Technology Centre, Paniv","At/P-Paniv, Tal-Malshiras, Dist-Solapur 413113",principalsietc@gmail.com,Solapur,Dr.Deshmukh P.K.,274044,274222,CHANDANSHIVE DATTATRAY GANGADHAR,Non-Autonomous,2010
276,6620,"D. Y. Patil Institute of Engineering and Technology, Ambi","S.No. 124,126, At/Post Ambi, M.I.D.C. Road, Talegaon, Taluka-Maval, Dist Pune 410506",ddypea@gmail.com,Pune,Dr. Laxman Kamble,306229,306229,SHRI. Bhavanrao GAIKWAD,Non-Autonomous,2010
277,6621,"Institute Of Knowledge-College Of Engineering, Pimpale - Jagtap","Pimpale - Jagtap , Tal. Shirur , District - Pune. 412208",principal.iok@gmail.com,Pune,THAKUR RITESH,673304,673333,Mr.awargand Vinod B,Non-Autonomous,2010
278,6625,"Universal College of Engineering & Research, Sasewadi","Gat No. 430, Sasewadi, Pune",preranap.pune@gmail.com,Pune,Prof. S. V. Navale,21132,220000,Pravin D Dhotre,Non-Autonomous,2010
279,6634,"KJEI's Trinity Academy of Engineering, Yewalewadi, Pune","Svy.NO.25&27,At pisoli,Post Yevalewadi,Tal-Haveli,Bopdeo Ghat,Pune 411048",estb.pcoemr@gmail.com,Pune,Dr.Nilesh J.Uke,8446091199,69739009,Anil B.Chorge,Non-Autonomous,2010
280,6643,"S K N Sinhgad College of Engineering, Korti Tal. Pandharpur Dist Solapur","At Post Korti,Pandharpur - Karad road, Tal-Pandharpur, Dist-Solapur",principal@sknscoe.ac.in,Solapur,Dr. K.J. Karande,250146,250103,S. H. KARANDE,Non-Autonomous,2010
281,6732,"Dr. D. Y. Patil School OF Engineering, Lohegaon, Pune","Dr. D.Y. Patil Knowledge City, Charholi (Bk.), via Lohegaon, Pune",mankar.vidyanand@dypic.in,Pune,Dr. M Z Shaikh,67077922,67077922,Mankar Vidyanand,Non-Autonomous,2010
282,6741,"Sinhgad Technical Education Society's S.K.N. Sinhgad School of Business Management, Ambegaon, Tal. Haveli Dist. Pune","10/1, Ambegaon(Bu.), Tal- Haveli, Pune. 411041",director_sknsbm@sinhgad.edu,Pune,Dr. Rajashree Shinde,24354036,24354036,Mr. Mahesh Shinde,Non-Autonomous,2010
283,6757,"Yashoda Technical Campus, Wadhe, Satara.","S.No.242/1, At post Wadhe,Tal.& Dist. Satara. 415011",principalengg_ytc@yes.edu.in,Satara,Prof. Dr. N. G. Narve,271239,271240,Mr. Kishor Rajendrakumar Shinde,Non-Autonomous,2011
284,6766,Phaltan Education Society's College of Engineering Thakurki Tal- Phaltan Dist-Satara,"Survey No.31(Part), Thakurki, Tal. Phaltan, Dist.Satara.",coeprincipal@yahoo.co.in,Satara,Dr Ajay V Deshmukh,220339,220339,D. B. Gore,Non-Autonomous,2011
285,6767,"Suman Ramesh Tulsiani Technical Campus: Faculty of Engineering, Kamshet,Pune.","Kamshet, Taluka Maval, Dist. Pune 410405",principal@srttc.ac.in,Pune,Dr. Jaywant B. Sankpal,264101,264106,Prof. Girish N. Matre,Non-Autonomous,2012
286,6770,"SKN Sinhgad Institute of Technology & Science, Kusgaon(BK),Pune.","Gat No.309, Kusgaon Budruk, Opp. Pune Mumbai Express Highway, Kusgaon, Lonavala, Pune. 410401",principal.sknsits@sinhgad.edu,Pune,Dr. Milind Shivaji Rohokale,673391,673225,Mr. Vijaykumar Kisan Gangthade,Non-Autonomous,2011
287,6771,"Flora Institute of Technology, Khopi, Near Khed Shivapur Toll Plaza, Pune","49/1, Khopi, Nr. Khed-Shivapur Toll Plaza, Off Pune-Banglore Highway, Taluka-Bhor,Dist.Pune , 412205",flora.education@gmail.com,Pune,"Dr.Atul Padalkar, Former Principal, Sinhgad College of Engineering, Pune",203060,203061,Rahul Padalkar,Non-Autonomous,2011
288,6772,"NBN Sinhgad Technical Institutes Campus, Pune","10/1, Ambegaon Budruk, Tal.Haveli, Dist.Pune. 411041",nbnssoe@sinhgad.edu,Pune,Dr S. D. Markande,24355042,24355041,MR SANTOSH D PATOLE,Non-Autonomous,2011
289,6780,"D.Y.Patil Education Society's,D.Y.Patil Technical Campus, Faculty of Engineering & Faculty of Management,Talsande,Kolhapur.","G.No. 85, Talasande, Tal- Hatkangle, Kolhapur 416112",engg.dyptc@gmail.com,Kolhapur,Dr. Satish R. Pawaskar,9545719599,9545719599,Shri Bhagaje Prakash Mallappa,Non-Autonomous,2011
290,6781,"Bhagwant Institute of Technology, Barshi","Gat No. 1242/2, Tadsoundane Road, Barshi. Solapur.413401",bitbarshi6781@gmail.com,Solapur,Dr. Deshmane A.K.,220070,220031,Budruk P.V.,Non-Autonomous,2011
291,6782,"Sahakar Maharshee Shankarrao Mohite Patil Institute of Technology & Research, Akluj","At Shankar Nagar, Akluj, Post Yashwant Nagar, Dist. Solapur",smpcht@gmail.com,Solapur,Dr. Indrajit Nivasrao Yadav,223548,223548,Ms. Magar Megha Abhaysingh,Non-Autonomous,2011
292,6786,"Dr. D. Y. Patil School of Engineering & Technology, Charholi(Bk), Via Lohgaon, Pune","Dr. D Y Patil Knowledge City, Charholi(Bk), Via-Lohgaon, Pune 412105",principalsoet@dypic.in,Pune,Dr. Nagesh Shelke,2067077931,2067077931,Mr. Vidyanand Mankar,Non-Autonomous,2011
293,6787,"Dr. D. Y. Patil Educational Academy's, D.Y.Patil School of Engineering Academy, Ambi","S.No 124,126 At/Post Ambi, Talegaon Dhabade, Taluka-Maval, Dist Pune Talegaon Dabhade, Tal. Maval Dist. Pune 410506",ddypea@gmail.com,Pune,Dr. Rajesh Kherde,306230,306230,shri. B. S. Gaikwad,Non-Autonomous,2011
294,6795,"Shri.Someshwar Shikshan Prasarak Mandals, Someshwar Engineering College, Someshwar Nagar","Gat No. 53, Waghalwadi, Post Someshwar nagar, Tal. Baramati, Dist. Pune.",ajay.deshmukh@rediffmail.com,Pune,Dr Ajay V. Deshmukh,2112283,283185,mr. Mohite S.R.,Non-Autonomous,2012
295,6797,"Dnyanshree Institute Engineering and Technology, Satara","A/p Sonvadi-Gajvadi, Sajjangad Road, Tal Satara, Dist. Satara.",rwmct.satara@gmail.com,Satara,Dr.AJAY DADASAHEB JADHAV,206563,206566,Mr. Gosavi P.M.,Non-Autonomous,2012
296,6802,"Dr. D.Y.Patil Institute of Engineering, Management & Reseach, Akurdi, Pune","Sector 29, PCNTDA, Pradhikaran, Akurdi, Pune",principal.dypiemr@gmail.com,Pune,Dr.Anupama V.Patil,27656566,27654470,Mr.Y K Patil,Non-Autonomous,2012
297,6803,"Sant Gajanan Maharaj College of Engineering, Gadhinglaj","Site Chinchewadi, Tal.GAdhinglaj, Dist. Kolhapur.",sgmcoe@gmail.com,Kolhapur,Dr. Sanjay Hari Sawant,275581,275581,Desai Rahul Shivajirao,Non-Autonomous,2012
298,6808,"Keystone School of Engineering, Pune","Sr.No.305/7, 306, 307/5 & 308/21 Urli Devachi, Pune",prashantkasabe@gmail.com,Pune,Dr. P. M. GHANEGAONKAR,64003400,64003200,Prashant Kasabe,Non-Autonomous,2012
299,6815,"Vidya Prasarini Sabha's College of Engineering & Technology, Lonavala","Gat No. 685, Mouje-Waksai, Tah- Maval, Dist Pune.",vpscet@gmail.com,Pune,Dr. S.B.Padwal,246002,246002,Deepak. D. Gosavi,Non-Autonomous,2013
300,6816,"Shri Chimasaheb jagdale Institute of Technology, Narsobawadi, Tal.Shirol, Kolhapur","ATPOST NARSOBAWADI TAL. SHIROL, Dist KOLHAPUR",scjiot@gmail.com,Kolhapur,PROF. ARUN G. PURANIK,270571,270571,MR.SANJAY N.RAJPUT,Non-Autonomous,2013
301,6817,"Suhas Institute of technology, Javjibuvachiwadi, Post Kasurdi, Daud","GAT NO. 254, JAVJIBUVACHIWADI, POST: KASURDI, TALUKA - DAUND,",suhaspoly@gmail.com,Pune,MRS.PATIL R.A,287071,99231567,Mr. Pandagale K.V,Non-Autonomous,2013
302,6822,"Pimpri Chinchwad Education Trust's Pimpri Chinchwad College Of Engineering And Research, Ravet","Survey No.10, Laxmi Nagar, Ravet Plot No. B of 110(z), 110(s), Haveli, Pune",pccoer.ravet@gmail.com,Pune,Prof. Dr. Harish U. Tiwari,8237238080,7744898844,Mr. Prakash Yeole,Non-Autonomous,2014
303,6839,"Dr. D Y Patil Pratishthan's College of Engineering, Kolhapur","R.S.No.865, A-Ward Salunke Nagar, Kolhapur",dype472.ec@unishivaji.ac.in,Kolhapur,DR. VISHWESHWAR P. KALLIMANI,2320914,9823152996,Mr.Suyog Vilas Tate -Patil,Non-Autonomous,2014
304,6881,"Army Institute of Technology, Pune","Pune-Alandi Road, Dighi Hills, Pune",ait@aitune.edu.in,Pune,Dr. B. P. Patil,7249250184,7249250185,R. P. Ambike,Non-Autonomous,1994
